Case ID,Events,Variant,Variant index,Started,Finished,Duration,Duration (milliseconds)
1-147898401,4,Variant 57,57,07.11.2006 19:00:36,03.09.2011 15:09:09,"4 years, 300 days",152136513000
1-165554831,3,Variant 23,23,20.03.2007 18:06:25,03.09.2011 15:10:53,"4 years, 167 days",140648668000
1-172473423,3,Variant 23,23,11.05.2007 00:21:54,03.09.2011 15:10:59,"4 years, 116 days",136219745000
1-182640781,7,Variant 39,39,25.07.2007 22:21:05,03.01.2012 20:31:53,"4 years, 162 days",140220648000
1-230541365,5,Variant 58,58,08.05.2008 02:58:51,02.09.2011 08:27:55,"3 years, 117 days",104736544000
1-236817141,7,Variant 39,39,04.06.2008 20:02:18,05.01.2012 23:09:00,"3 years, 215 days",113195202000
1-270427461,3,Variant 23,23,13.11.2008 20:01:04,15.11.2011 00:57:27,"3 years, 1 day",94712183000
1-345132462,5,Variant 59,59,14.01.2010 19:34:54,02.09.2011 08:17:47,"1 year, 230 days",51453773000
1-351314317,6,Variant 60,60,03.02.2010 18:34:32,03.01.2012 22:13:02,"1 year, 334 days",60406710000
1-354039443,2,Variant 1,1,29.12.2011 00:05:47,30.01.2012 21:29:51,"32 days, 21 hours",2841844000
1-354350908,2,Variant 53,53,16.02.2010 20:03:41,02.09.2011 08:16:31,"1 year, 197 days",48600770000
1-354376900,2,Variant 53,53,16.02.2010 20:04:37,02.09.2011 08:16:15,"1 year, 197 days",48600698000
1-357087417,2,Variant 1,1,29.12.2011 01:01:17,30.01.2012 21:30:21,"32 days, 20 hours",2838544000
1-359841262,8,Variant 61,61,11.03.2010 23:06:34,05.09.2011 17:28:42,"1 year, 177 days",46894928000
1-360072755,4,Variant 62,62,25.08.2010 19:04:56,12.01.2012 18:23:04,"1 year, 139 days",43629488000
1-360464815,4,Variant 16,16,15.03.2010 23:40:16,21.02.2012 23:57:48,"1 year, 343 days",61172252000
1-363206822,4,Variant 34,34,26.03.2010 23:03:21,05.09.2011 17:28:50,"1 year, 162 days",45599129000
1-363549934,2,Variant 1,1,19.01.2012 19:09:44,19.01.2012 19:10:41,57 secs,57000
1-364528467,2,Variant 1,1,19.01.2012 19:14:11,19.01.2012 19:14:18,7 secs,7000
1-366584206,2,Variant 1,1,09.01.2012 20:25:49,09.01.2012 20:25:51,2 secs,2000
1-366698569,2,Variant 10,10,13.04.2010 22:37:07,20.04.2010 00:59:00,"6 days, 2 hours",526913000
1-366726662,2,Variant 10,10,13.04.2010 22:50:15,20.04.2010 00:59:58,"6 days, 2 hours",526183000
1-366923538,2,Variant 1,1,05.01.2012 01:55:26,30.01.2012 23:05:58,"25 days, 21 hours",2236232000
1-367921041,8,Variant 63,63,25.08.2011 05:27:17,01.03.2012 02:56:23,"188 days, 21 hours",16320546000
1-370436092,4,Variant 42,42,29.04.2010 17:23:20,10.11.2010 03:47:12,"194 days, 10 hours",16799032000
1-372029512,3,Variant 56,56,19.10.2010 22:43:59,30.01.2012 22:18:55,"1 year, 102 days",40433696000
1-372978779,2,Variant 1,1,30.01.2012 22:58:10,30.01.2012 23:38:43,"40 mins, 33 secs",2433000
1-373110819,2,Variant 1,1,03.02.2012 16:48:56,03.02.2012 16:50:31,"1 min, 35 secs",95000
1-373268674,2,Variant 1,1,03.02.2012 16:51:00,03.02.2012 16:52:14,"1 min, 14 secs",74000
1-373413519,2,Variant 1,1,30.01.2012 21:59:22,30.01.2012 22:00:09,47 secs,47000
1-373413971,2,Variant 1,1,03.02.2012 16:54:21,04.02.2012 17:48:35,"1 day, 54 mins",89654000
1-374832944,3,Variant 21,21,02.11.2011 02:30:00,01.02.2012 22:58:08,"91 days, 20 hours",7936088000
1-375644051,4,Variant 64,64,25.05.2010 20:42:48,23.11.2011 21:47:29,"1 year, 182 days",47264681000
1-378050311,7,Variant 65,65,22.06.2010 19:37:32,27.02.2012 17:13:44,"1 year, 249 days",53127372000
1-378744625,3,Variant 21,21,02.11.2011 02:29:39,01.02.2012 22:59:47,"91 days, 20 hours",7936208000
1-380392616,2,Variant 1,1,04.02.2012 18:20:39,04.02.2012 19:19:57,"59 mins, 18 secs",3558000
1-380527184,2,Variant 1,1,04.02.2012 19:20:08,04.02.2012 19:31:43,"11 mins, 35 secs",695000
1-380632889,2,Variant 5,5,17.06.2010 00:09:45,16.08.2010 20:24:39,"60 days, 20 hours",5256894000
1-380654568,2,Variant 1,1,30.12.2011 20:09:26,30.01.2012 21:31:24,"31 days, 1 hour",2683318000
1-382209384,3,Variant 22,22,23.06.2010 22:13:51,15.11.2011 01:10:10,"1 year, 144 days",43988179000
1-382442048,2,Variant 1,1,04.02.2012 19:27:58,04.02.2012 19:30:03,"2 mins, 5 secs",125000
1-384097130,3,Variant 66,66,11.03.2011 01:02:06,13.04.2011 23:23:07,"33 days, 22 hours",2931661000
1-384757914,2,Variant 1,1,04.02.2012 19:31:58,04.02.2012 19:37:38,"5 mins, 40 secs",340000
1-385201933,6,Variant 67,67,08.07.2010 12:50:41,26.01.2012 20:39:55,"1 year, 202 days",49016954000
1-385311756,2,Variant 1,1,04.02.2012 19:38:18,04.02.2012 19:40:10,"1 min, 52 secs",112000
1-388644366,2,Variant 1,1,31.01.2012 00:48:15,31.01.2012 00:48:48,33 secs,33000
1-390250582,4,Variant 68,68,10.08.2010 01:21:55,18.08.2010 23:42:02,"8 days, 22 hours",771607000
1-390722958,4,Variant 9,9,11.08.2010 18:39:44,23.03.2012 22:54:08,"1 year, 225 days",50991264000
1-392812598,2,Variant 1,1,05.01.2012 01:58:37,05.01.2012 01:59:08,31 secs,31000
1-397446945,2,Variant 1,1,31.01.2012 18:01:21,31.01.2012 18:02:46,"1 min, 25 secs",85000
1-399013423,1,Variant 7,7,06.09.2010 20:04:31,06.09.2010 20:04:31,0 millis,0
1-399628501,2,Variant 3,3,07.09.2010 23:19:41,02.12.2010 20:45:01,"85 days, 21 hours",7421120000
1-402328919,2,Variant 1,1,17.09.2010 00:39:32,29.05.2012 18:32:02,"1 year, 255 days",53632350000
1-403006315,2,Variant 1,1,31.01.2012 18:54:38,31.01.2012 18:59:04,"4 mins, 26 secs",266000
1-404005175,3,Variant 6,6,24.09.2010 00:32:09,26.01.2012 21:06:11,"1 year, 124 days",42323642000
1-404084309,4,Variant 40,40,24.09.2010 03:58:12,01.03.2012 00:32:38,"1 year, 158 days",45261266000
1-404736991,8,Variant 69,69,29.09.2010 17:53:12,01.03.2012 03:07:28,"1 year, 153 days",44788456000
1-406066421,2,Variant 1,1,17.06.2011 19:16:19,04.01.2012 21:33:27,"201 days, 2 hours",17374628000
1-407876996,2,Variant 5,5,09.10.2010 01:16:15,09.10.2010 01:19:28,"3 mins, 13 secs",193000
1-408853759,2,Variant 1,1,04.02.2012 19:50:38,04.02.2012 19:53:53,"3 mins, 15 secs",195000
1-413205820,6,Variant 70,70,25.10.2010 21:53:47,04.01.2012 22:52:57,"1 year, 71 days",37673950000
1-413665008,2,Variant 1,1,26.10.2010 17:14:34,29.05.2012 18:24:46,"1 year, 216 days",50202612000
1-415000020,6,Variant 43,43,01.11.2010 17:37:07,01.02.2012 23:00:54,"1 year, 92 days",39504227000
1-415822336,7,Variant 71,71,03.11.2010 17:04:02,25.11.2010 23:40:20,"22 days, 6 hours",1924578000
1-417868043,2,Variant 1,1,30.01.2012 22:05:37,30.01.2012 22:06:01,24 secs,24000
1-418122119,2,Variant 1,1,04.02.2012 21:31:11,04.02.2012 21:32:21,"1 min, 10 secs",70000
1-419236954,2,Variant 1,1,04.02.2012 21:32:39,04.02.2012 21:36:16,"3 mins, 37 secs",217000
1-422418092,4,Variant 72,72,20.11.2010 03:20:40,06.02.2012 21:48:30,"1 year, 78 days",38341670000
1-422877530,2,Variant 1,1,04.02.2012 22:13:58,04.02.2012 22:20:09,"6 mins, 11 secs",371000
1-424065923,2,Variant 1,1,04.02.2012 22:27:30,04.02.2012 22:41:46,"14 mins, 16 secs",856000
1-427955007,5,Variant 73,73,07.12.2010 23:24:36,26.01.2012 19:47:59,"1 year, 49 days",35843003000
1-429498598,3,Variant 56,56,30.01.2012 22:41:27,01.02.2012 19:47:23,"1 day, 21 hours",162356000
1-430880486,3,Variant 6,6,16.12.2010 20:55:48,29.02.2012 23:38:04,"1 year, 75 days",38025736000
1-431797119,2,Variant 1,1,30.01.2012 22:59:16,30.01.2012 23:07:31,"8 mins, 15 secs",495000
1-433309965,2,Variant 1,1,03.02.2012 07:15:47,03.02.2012 07:19:29,"3 mins, 42 secs",222000
1-433910332,7,Variant 74,74,28.12.2010 23:28:04,30.06.2011 00:04:50,"183 days, 36 mins",15813406000
1-439833168,3,Variant 6,6,14.01.2011 22:10:28,01.03.2012 00:27:57,"1 year, 46 days",35518649000
1-441507371,2,Variant 5,5,18.01.2011 19:35:34,18.01.2011 19:46:33,"10 mins, 59 secs",659000
1-443175071,3,Variant 6,6,21.01.2011 02:18:05,19.03.2012 17:18:42,"1 year, 58 days",36601237000
1-473084325,7,Variant 75,75,03.02.2011 19:33:47,14.03.2012 22:52:06,"1 year, 40 days",35003899000
1-479002951,3,Variant 6,6,04.02.2011 23:21:41,29.02.2012 23:27:21,"1 year, 25 days",33696340000
1-489198755,3,Variant 6,6,09.02.2011 01:10:53,15.02.2012 01:45:26,"1 year, 6 days",32056473000
1-498324124,3,Variant 29,29,17.02.2011 01:40:03,19.04.2011 22:41:04,"61 days, 21 hours",5346061000
1-502769178,4,Variant 76,76,24.02.2011 02:45:04,05.09.2011 18:10:57,"193 days, 15 hours",16730753000
1-506092586,2,Variant 1,1,07.03.2011 21:36:20,26.01.2012 20:25:15,"324 days, 22 hours",28075735000
1-507679771,2,Variant 1,1,15.03.2011 00:04:30,02.02.2012 01:12:52,"324 days, 1 hour",27997702000
1-510142147,3,Variant 21,21,30.01.2012 22:39:42,31.01.2012 18:45:09,"20 hours, 5 mins",72327000
1-510399424,2,Variant 1,1,25.03.2011 22:21:36,15.02.2012 20:41:23,"326 days, 22 hours",28246787000
1-511787661,2,Variant 1,1,07.02.2012 06:18:11,07.02.2012 06:19:44,"1 min, 33 secs",93000
1-512617571,6,Variant 77,77,04.04.2011 20:48:35,15.02.2012 21:12:58,"317 days, 24 mins",27390263000
1-513031774,2,Variant 1,1,05.04.2011 16:39:04,14.03.2012 00:47:40,"343 days, 8 hours",29664516000
1-513180623,2,Variant 1,1,10.01.2012 20:01:19,10.01.2012 21:21:57,"1 hour, 20 mins",4838000
1-514618724,4,Variant 16,16,08.04.2011 19:57:43,21.02.2012 19:31:26,"318 days, 23 hours",27560023000
1-515461174,4,Variant 30,30,11.04.2011 23:56:28,26.03.2012 17:27:45,"349 days, 17 hours",30216677000
1-517002080,2,Variant 1,1,30.01.2012 22:06:42,30.01.2012 22:07:11,29 secs,29000
1-517045062,2,Variant 1,1,31.01.2012 06:50:24,31.01.2012 06:52:53,"2 mins, 29 secs",149000
1-518362551,2,Variant 1,1,13.01.2012 21:27:01,13.01.2012 21:27:18,17 secs,17000
1-520127960,3,Variant 19,19,25.04.2011 14:46:33,26.01.2012 20:31:40,"276 days, 5 hours",23867107000
1-520705880,3,Variant 6,6,27.04.2011 01:44:41,29.05.2012 18:18:46,"1 year, 33 days",34446845000
1-522222222,2,Variant 1,1,02.05.2011 17:45:31,27.02.2012 23:31:45,"301 days, 5 hours",26027174000
1-522460624,2,Variant 5,5,03.05.2011 15:29:33,03.05.2011 15:31:51,"2 mins, 18 secs",138000
1-522734472,2,Variant 1,1,07.02.2012 06:35:55,07.02.2012 06:37:18,"1 min, 23 secs",83000
1-522949376,2,Variant 5,5,04.05.2011 19:53:03,18.05.2011 23:42:40,"14 days, 3 hours",1223377000
1-523069229,2,Variant 1,1,30.01.2012 21:54:45,30.01.2012 21:54:47,2 secs,2000
1-523392191,2,Variant 1,1,16.02.2012 00:27:07,16.02.2012 00:27:34,27 secs,27000
1-524375607,4,Variant 78,78,05.10.2011 16:38:35,11.04.2012 01:19:54,"188 days, 8 hours",16274479000
1-525589021,2,Variant 1,1,14.05.2011 01:23:13,02.02.2012 01:40:02,"264 days, 16 mins",22810609000
1-526037041,2,Variant 1,1,16.05.2011 23:09:56,02.02.2012 01:50:06,"261 days, 2 hours",22560010000
1-527208576,3,Variant 6,6,20.05.2011 07:28:42,09.02.2012 07:43:06,"265 days, 14 mins",22896864000
1-530147896,2,Variant 1,1,03.02.2012 06:51:10,03.02.2012 06:52:46,"1 min, 36 secs",96000
1-531872604,3,Variant 38,38,08.06.2011 07:21:06,30.06.2011 18:19:59,"22 days, 10 hours",1940333000
1-532084405,2,Variant 1,1,07.02.2012 06:16:22,07.02.2012 06:17:44,"1 min, 22 secs",82000
1-533851634,2,Variant 1,1,03.02.2012 07:28:50,03.02.2012 07:31:56,"3 mins, 6 secs",186000
1-534493180,2,Variant 3,3,17.06.2011 17:24:42,17.06.2011 17:25:34,52 secs,52000
1-535418135,5,Variant 79,79,21.06.2011 20:01:27,20.01.2012 00:25:35,"212 days, 4 hours",18332648000
1-535439201,3,Variant 6,6,21.06.2011 19:23:47,02.03.2012 18:16:48,"254 days, 22 hours",22027981000
1-537169872,2,Variant 80,80,12.07.2011 23:28:19,05.09.2011 18:14:45,"54 days, 18 hours",4733186000
1-538297321,2,Variant 20,20,22.11.2011 00:30:28,22.11.2011 00:57:42,"27 mins, 14 secs",1634000
1-538467021,2,Variant 1,1,26.01.2012 04:46:19,26.01.2012 04:48:24,"2 mins, 5 secs",125000
1-539000895,2,Variant 1,1,05.07.2011 19:24:39,15.05.2012 23:57:12,"315 days, 4 hours",27232353000
1-539083171,3,Variant 19,19,05.07.2011 22:33:46,24.05.2012 02:00:04,"323 days, 3 hours",27919578000
1-539805130,3,Variant 6,6,07.07.2011 23:45:46,15.02.2012 21:13:43,"222 days, 21 hours",19258077000
1-541565290,2,Variant 1,1,07.02.2012 07:10:04,07.02.2012 07:11:17,"1 min, 13 secs",73000
1-542027112,4,Variant 36,36,18.07.2011 23:45:13,09.09.2011 21:17:31,"52 days, 21 hours",4570338000
1-542919207,2,Variant 5,5,22.07.2011 17:56:05,22.07.2011 18:03:11,"7 mins, 6 secs",426000
1-542940765,7,Variant 81,81,22.07.2011 19:23:23,23.02.2012 01:08:59,"215 days, 5 hours",18596736000
1-543300099,3,Variant 17,17,25.07.2011 21:47:13,09.09.2011 21:17:02,"45 days, 23 hours",3972589000
1-545370610,2,Variant 1,1,07.02.2012 02:02:25,07.02.2012 02:03:44,"1 min, 19 secs",79000
1-545738536,3,Variant 17,17,08.08.2011 16:08:01,02.09.2011 07:51:36,"24 days, 15 hours",2130215000
1-545911672,3,Variant 13,13,15.08.2011 18:08:23,24.01.2012 20:58:41,"162 days, 2 hours",14007018000
1-546838031,5,Variant 82,82,10.08.2011 04:46:45,24.04.2012 21:58:43,"258 days, 17 hours",22353118000
1-547617088,5,Variant 83,83,10.08.2011 21:47:08,15.02.2012 21:14:44,"188 days, 23 hours",16327656000
1-549431982,2,Variant 5,5,14.08.2011 01:56:32,14.08.2011 02:00:02,"3 mins, 30 secs",210000
1-550611848,2,Variant 1,1,17.08.2011 00:45:30,04.05.2012 19:56:48,"261 days, 19 hours",22619478000
1-560404489,8,Variant 84,84,23.08.2011 14:23:57,16.12.2011 19:22:44,"115 days, 4 hours",9953927000
1-563779807,4,Variant 28,28,30.08.2011 02:33:51,21.09.2011 19:38:15,"22 days, 17 hours",1962264000
1-564738994,4,Variant 16,16,31.08.2011 14:45:43,04.03.2012 18:50:51,"186 days, 4 hours",16085108000
1-564903210,2,Variant 1,1,07.02.2012 06:22:50,07.02.2012 06:24:49,"1 min, 59 secs",119000
1-565905115,3,Variant 14,14,01.09.2011 22:01:39,04.01.2012 21:31:27,"124 days, 23 hours",10798188000
1-566096602,2,Variant 1,1,02.09.2011 01:35:37,23.03.2012 19:52:02,"203 days, 18 hours",17604985000
1-566661201,3,Variant 6,6,03.09.2011 01:12:56,18.01.2012 20:58:16,"137 days, 19 hours",11907920000
1-572078531,3,Variant 8,8,08.09.2011 19:39:42,12.09.2011 19:50:43,"4 days, 11 mins",346261000
1-572625937,2,Variant 1,1,07.02.2012 06:29:03,07.02.2012 06:30:22,"1 min, 19 secs",79000
1-572730349,2,Variant 1,1,24.05.2012 00:48:45,24.05.2012 00:51:16,"2 mins, 31 secs",151000
1-573830584,9,Variant 85,85,14.09.2011 01:40:50,30.03.2012 23:58:45,"198 days, 22 hours",17187475000
1-574222268,6,Variant 86,86,15.09.2011 00:33:52,31.01.2012 06:46:22,"138 days, 6 hours",11945550000
1-574271413,2,Variant 1,1,03.02.2012 07:49:41,03.02.2012 07:50:27,46 secs,46000
1-574623837,4,Variant 9,9,15.09.2011 23:59:18,19.01.2012 22:08:49,"125 days, 22 hours",10879771000
1-575690736,4,Variant 87,87,19.09.2011 23:44:47,23.03.2012 19:52:42,"185 days, 20 hours",16056475000
1-577196856,2,Variant 1,1,04.02.2012 22:20:48,04.02.2012 22:23:42,"2 mins, 54 secs",174000
1-577737791,1,Variant 7,7,29.09.2011 21:32:15,29.09.2011 21:32:15,0 millis,0
1-577996886,7,Variant 88,88,27.09.2011 12:53:16,23.05.2012 21:26:40,"239 days, 8 hours",20680404000
1-578105842,3,Variant 24,24,27.09.2011 17:38:17,28.09.2011 12:11:27,"18 hours, 33 mins",66790000
1-578252937,2,Variant 1,1,27.09.2011 22:03:45,17.04.2012 20:36:39,"202 days, 22 hours",17533974000
1-578612990,6,Variant 35,35,28.09.2011 19:10:15,29.02.2012 23:57:57,"154 days, 4 hours",13322862000
1-579250167,3,Variant 6,6,30.09.2011 12:22:34,12.04.2012 22:37:07,"195 days, 10 hours",16884873000
1-579636429,2,Variant 1,1,01.10.2011 05:11:41,26.01.2012 20:38:12,"117 days, 15 hours",10164391000
1-580464971,5,Variant 26,26,04.10.2011 06:02:40,20.02.2012 19:41:00,"139 days, 13 hours",12058700000
1-581740771,2,Variant 1,1,05.10.2011 23:24:45,02.02.2012 06:18:12,"119 days, 6 hours",10306407000
1-581898739,9,Variant 89,89,06.10.2011 10:09:03,29.10.2011 00:00:48,"22 days, 13 hours",1950705000
1-582296121,2,Variant 1,1,06.10.2011 19:02:06,08.02.2012 20:01:57,"125 days, 59 mins",10803591000
1-583931536,2,Variant 1,1,10.10.2011 15:38:10,03.02.2012 00:25:02,"115 days, 8 hours",9967612000
1-584776062,3,Variant 6,6,11.10.2011 23:38:52,16.02.2012 02:20:49,"127 days, 2 hours",10982517000
1-584812041,2,Variant 3,3,12.10.2011 00:57:41,12.10.2011 01:01:05,"3 mins, 24 secs",204000
1-587383007,2,Variant 1,1,15.10.2011 01:06:14,04.01.2012 21:07:10,"81 days, 20 hours",7070456000
1-588543315,2,Variant 1,1,18.10.2011 00:05:05,25.01.2012 23:26:37,"99 days, 23 hours",8637692000
1-588712865,6,Variant 47,47,18.10.2011 03:46:10,07.01.2012 00:50:17,"80 days, 21 hours",6987847000
1-589370341,4,Variant 34,34,19.10.2011 00:07:28,28.11.2011 22:46:11,"40 days, 22 hours",3537523000
1-589421537,2,Variant 1,1,19.10.2011 00:37:21,30.03.2012 20:43:20,"163 days, 20 hours",14155559000
1-589962550,2,Variant 1,1,19.10.2011 23:02:57,22.02.2012 19:50:42,"125 days, 20 hours",10874865000
1-590574771,5,Variant 31,31,20.10.2011 05:47:58,04.01.2012 16:12:48,"76 days, 10 hours",6603890000
1-590579544,2,Variant 1,1,20.10.2011 05:55:35,26.01.2012 20:18:45,"98 days, 14 hours",8518990000
1-591627183,4,Variant 15,15,21.10.2011 13:54:48,13.03.2012 20:34:52,"144 days, 6 hours",12465604000
1-593312167,2,Variant 4,4,24.10.2011 17:11:07,24.10.2011 17:14:00,"2 mins, 53 secs",173000
1-594472343,4,Variant 90,90,25.10.2011 22:12:06,29.02.2012 23:03:01,"127 days, 50 mins",10975855000
1-594666837,2,Variant 1,1,25.10.2011 23:23:06,29.02.2012 01:00:13,"126 days, 1 hour",10892227000
1-595293983,5,Variant 31,31,26.10.2011 18:56:21,31.01.2012 21:56:19,"97 days, 2 hours",8391598000
1-595687232,2,Variant 1,1,23.03.2012 19:49:00,23.03.2012 19:51:13,"2 mins, 13 secs",133000
1-596251950,4,Variant 9,9,27.10.2011 17:39:11,23.03.2012 22:52:47,"148 days, 5 hours",12806016000
1-596331167,2,Variant 5,5,27.10.2011 19:48:01,27.10.2011 20:25:19,"37 mins, 18 secs",2238000
1-596608752,3,Variant 14,14,27.10.2011 23:32:18,30.01.2012 22:42:26,"94 days, 23 hours",8205008000
1-597616526,2,Variant 1,1,29.10.2011 00:32:35,03.01.2012 21:19:56,"66 days, 20 hours",5777241000
1-599157751,5,Variant 91,91,01.11.2011 08:40:16,11.04.2012 18:03:56,"162 days, 9 hours",14030620000
1-599626401,3,Variant 13,13,02.11.2011 01:12:37,07.01.2012 03:56:19,"66 days, 2 hours",5712222000
1-600432558,2,Variant 3,3,02.11.2011 18:00:44,02.11.2011 18:03:13,"2 mins, 29 secs",149000
1-600663061,4,Variant 15,15,02.11.2011 22:11:01,03.01.2012 20:03:09,"61 days, 21 hours",5349128000
1-602870173,10,Variant 92,92,06.11.2011 18:00:41,07.12.2011 22:50:32,"31 days, 4 hours",2695791000
1-603798757,2,Variant 1,1,07.11.2011 20:57:05,23.05.2012 21:07:40,"198 days, 10 mins",17107835000
1-604882241,4,Variant 44,44,09.11.2011 04:21:15,05.01.2012 01:45:39,"56 days, 21 hours",4915464000
1-605279637,2,Variant 1,1,09.11.2011 23:27:59,15.02.2012 20:44:42,"97 days, 21 hours",8457403000
1-606971198,1,Variant 2,2,14.03.2012 21:25:28,14.03.2012 21:25:28,0 millis,0
1-607158761,3,Variant 33,33,14.11.2011 23:38:06,17.11.2011 22:32:14,"2 days, 22 hours",255248000
1-607840637,2,Variant 1,1,15.11.2011 23:15:57,27.01.2012 22:46:02,"72 days, 23 hours",6305405000
1-607934151,2,Variant 93,93,16.11.2011 00:37:49,15.02.2012 20:35:45,"91 days, 19 hours",7934276000
1-611506787,3,Variant 6,6,18.11.2011 17:28:00,03.01.2012 19:49:38,"46 days, 2 hours",3982898000
1-612515539,3,Variant 24,24,20.11.2011 05:35:42,21.11.2011 17:07:43,"1 day, 11 hours",127921000
1-613033122,4,Variant 16,16,21.11.2011 18:34:45,09.02.2012 06:42:42,"79 days, 12 hours",6869277000
1-613364032,1,Variant 7,7,21.02.2012 20:11:30,21.02.2012 20:11:30,0 millis,0
1-616288482,4,Variant 94,94,24.11.2011 23:07:54,24.11.2011 23:20:36,"12 mins, 42 secs",762000
1-616409083,4,Variant 27,27,25.11.2011 02:30:30,16.02.2012 01:12:50,"82 days, 22 hours",7166540000
1-616977258,4,Variant 9,9,25.11.2011 21:33:57,23.04.2012 19:07:42,"149 days, 21 hours",12951225000
1-616993936,3,Variant 24,24,25.11.2011 20:23:38,25.11.2011 20:32:07,"8 mins, 29 secs",509000
1-617049384,2,Variant 1,1,26.11.2011 00:08:25,23.01.2012 19:11:18,"58 days, 19 hours",5079773000
1-617084616,3,Variant 6,6,26.11.2011 01:02:27,09.02.2012 06:55:10,"75 days, 5 hours",6501163000
1-617356985,5,Variant 95,95,28.11.2011 18:22:46,07.03.2012 21:54:59,"100 days, 3 hours",8652733000
1-617696569,6,Variant 96,96,29.11.2011 13:12:33,14.02.2012 18:15:35,"77 days, 5 hours",6670982000
1-618041243,5,Variant 18,18,30.11.2011 13:43:31,20.01.2012 01:18:51,"50 days, 11 hours",4361720000
1-618116069,5,Variant 18,18,30.11.2011 16:54:16,20.01.2012 01:30:17,"50 days, 8 hours",4350961000
1-618589528,3,Variant 17,17,02.12.2011 00:52:56,07.12.2011 01:05:32,"5 days, 12 mins",432756000
1-619067777,4,Variant 25,25,02.12.2011 19:46:41,12.12.2011 23:52:18,"10 days, 4 hours",878737000
1-619109941,7,Variant 97,97,06.12.2011 20:35:01,30.01.2012 23:31:28,"55 days, 2 hours",4762587000
1-619146141,1,Variant 7,7,02.12.2011 22:57:32,02.12.2011 22:57:32,0 millis,0
1-619254483,2,Variant 1,1,03.12.2011 00:37:58,10.01.2012 19:11:14,"38 days, 18 hours",3349996000
1-619699161,7,Variant 98,98,05.12.2011 22:01:36,02.02.2012 05:51:19,"58 days, 7 hours",5039383000
1-620015297,2,Variant 1,1,06.12.2011 16:51:12,08.02.2012 23:12:13,"64 days, 6 hours",5552461000
1-620432583,6,Variant 43,43,07.12.2011 14:38:29,20.01.2012 01:05:09,"43 days, 10 hours",3752800000
1-620483711,4,Variant 46,46,07.12.2011 18:12:52,14.12.2011 21:58:14,"7 days, 3 hours",618322000
1-620925267,3,Variant 17,17,08.12.2011 20:10:07,13.12.2011 21:56:25,"5 days, 1 hour",438378000
1-621039603,2,Variant 1,1,08.12.2011 21:59:55,05.01.2012 01:43:32,"27 days, 3 hours",2346217000
1-621311061,9,Variant 99,99,09.12.2011 17:18:16,17.02.2012 19:12:40,"70 days, 1 hour",6054864000
1-621322866,2,Variant 1,1,09.12.2011 17:13:39,17.01.2012 23:00:57,"39 days, 5 hours",3390438000
1-621393223,6,Variant 100,100,09.12.2011 20:38:35,21.04.2012 01:34:51,"133 days, 4 hours",11508976000
1-622295317,3,Variant 6,6,13.12.2011 00:33:32,23.03.2012 00:45:50,"101 days, 12 mins",8727138000
1-622618613,5,Variant 18,18,13.12.2011 13:07:15,20.01.2012 01:38:31,"37 days, 12 hours",3241876000
1-622652886,2,Variant 1,1,13.12.2011 18:52:25,01.05.2012 01:41:11,"139 days, 6 hours",12034126000
1-622783644,4,Variant 16,16,13.12.2011 19:19:11,18.05.2012 17:02:02,"156 days, 21 hours",13556571000
1-622847448,2,Variant 3,3,14.12.2011 00:36:57,13.03.2012 23:23:34,"90 days, 22 hours",7857997000
1-622856843,2,Variant 1,1,13.12.2011 20:27:52,24.01.2012 18:29:10,"41 days, 22 hours",3621678000
1-622940906,3,Variant 14,14,13.12.2011 22:52:14,17.01.2012 20:10:00,"34 days, 21 hours",3014266000
1-623873811,5,Variant 18,18,15.12.2011 01:16:05,18.02.2012 02:02:19,"65 days, 46 mins",5618774000
1-624219528,2,Variant 1,1,15.12.2011 19:55:26,27.03.2012 19:36:54,"102 days, 23 hours",8898088000
1-624403918,1,Variant 7,7,10.01.2012 22:26:31,10.01.2012 22:26:31,0 millis,0
1-624450715,3,Variant 6,6,16.12.2011 00:23:36,30.03.2012 22:07:57,"105 days, 21 hours",9150261000
1-624745314,2,Variant 1,1,16.12.2011 18:51:26,08.02.2012 23:15:41,"54 days, 4 hours",4681455000
1-625322174,2,Variant 5,5,17.12.2011 21:18:28,17.12.2011 21:19:36,"1 min, 8 secs",68000
1-625459293,5,Variant 18,18,19.12.2011 12:13:32,20.01.2012 01:33:55,"31 days, 13 hours",2726423000
1-626515794,3,Variant 29,29,20.12.2011 23:07:40,24.12.2011 00:33:36,"3 days, 1 hour",264356000
1-627630611,2,Variant 5,5,22.12.2011 00:43:03,22.12.2011 00:46:04,"3 mins, 1 sec",181000
1-628078553,2,Variant 1,1,22.12.2011 22:59:52,20.04.2012 01:42:44,"119 days, 2 hours",10291372000
1-628105478,2,Variant 3,3,22.12.2011 23:57:58,02.02.2012 21:54:54,"41 days, 21 hours",3621416000
1-628203323,7,Variant 101,101,23.12.2011 02:18:37,08.05.2012 11:29:27,"137 days, 9 hours",11869850000
1-628669941,2,Variant 1,1,23.12.2011 19:46:51,02.01.2012 18:24:05,"9 days, 22 hours",859034000
1-631001113,2,Variant 1,1,29.12.2011 22:34:26,02.01.2012 17:23:31,"3 days, 18 hours",326945000
1-631117870,7,Variant 102,102,30.12.2011 09:45:55,19.03.2012 18:54:09,"80 days, 9 hours",6944894000
1-634487640,2,Variant 1,1,04.01.2012 20:50:05,25.01.2012 23:31:46,"21 days, 2 hours",1824101000
1-634506651,2,Variant 1,1,04.01.2012 21:36:18,04.01.2012 21:53:35,"17 mins, 17 secs",1037000
1-634533656,2,Variant 1,1,04.01.2012 22:02:22,09.01.2012 22:11:00,"5 days, 8 mins",432518000
1-635382525,2,Variant 1,1,05.01.2012 23:48:54,11.01.2012 00:36:47,"5 days, 47 mins",434873000
1-636080278,4,Variant 46,46,07.01.2012 00:40:03,10.01.2012 00:28:35,"2 days, 23 hours",258512000
1-636102195,6,Variant 103,103,07.01.2012 01:05:47,29.03.2012 01:51:35,"82 days, 45 mins",7087548000
1-636852199,1,Variant 54,54,09.01.2012 19:34:33,09.01.2012 19:34:33,0 millis,0
1-636931254,19,Variant 104,104,09.01.2012 19:19:06,09.02.2012 20:37:52,"31 days, 1 hour",2683126000
1-637059802,2,Variant 1,1,09.01.2012 20:55:12,09.01.2012 20:55:57,45 secs,45000
1-637089310,5,Variant 105,105,09.01.2012 21:49:14,16.02.2012 22:16:32,"38 days, 27 mins",3284838000
1-637713545,2,Variant 5,5,10.01.2012 20:11:08,10.01.2012 20:16:22,"5 mins, 14 secs",314000
1-637713651,2,Variant 1,1,10.01.2012 19:27:07,13.01.2012 21:32:34,"3 days, 2 hours",266727000
1-637893062,4,Variant 9,9,10.01.2012 23:05:54,13.03.2012 01:22:39,"62 days, 2 hours",5365005000
1-638091067,8,Variant 106,106,11.01.2012 04:56:40,16.04.2012 20:09:14,"96 days, 15 hours",8349154000
1-639881579,2,Variant 1,1,12.01.2012 18:13:47,06.02.2012 17:15:37,"24 days, 23 hours",2156510000
1-639942581,4,Variant 16,16,12.01.2012 20:16:10,16.02.2012 00:51:00,"34 days, 4 hours",2954090000
1-640059801,2,Variant 1,1,12.01.2012 21:24:50,12.01.2012 21:26:04,"1 min, 14 secs",74000
1-640254885,2,Variant 5,5,13.01.2012 01:14:39,13.01.2012 01:15:03,24 secs,24000
1-640387614,4,Variant 107,107,13.01.2012 07:20:38,14.01.2012 07:25:40,"1 day, 5 mins",86702000
1-641023492,2,Variant 1,1,13.01.2012 17:04:43,26.01.2012 22:51:59,"13 days, 5 hours",1144036000
1-641083751,4,Variant 9,9,13.01.2012 18:10:14,23.01.2012 08:37:57,"9 days, 14 hours",829663000
1-641083987,4,Variant 9,9,13.01.2012 18:43:55,17.05.2012 18:54:35,"125 days, 10 mins",10800640000
1-641243011,6,Variant 108,108,13.01.2012 21:26:50,02.02.2012 21:22:16,"19 days, 23 hours",1727726000
1-641306231,2,Variant 1,1,13.01.2012 22:40:59,16.01.2012 21:40:15,"2 days, 22 hours",255556000
1-641323677,4,Variant 9,9,13.01.2012 22:25:52,17.01.2012 17:19:24,"3 days, 18 hours",327212000
1-641530471,1,Variant 7,7,14.01.2012 05:03:40,14.01.2012 05:03:40,0 millis,0
1-642766943,4,Variant 16,16,16.01.2012 23:45:58,18.01.2012 17:18:16,"1 day, 17 hours",149538000
1-642846054,3,Variant 14,14,17.01.2012 01:03:47,23.05.2012 21:53:24,"127 days, 20 hours",11047777000
1-643556695,2,Variant 1,1,17.01.2012 22:09:37,23.02.2012 18:11:36,"36 days, 20 hours",3182519000
1-643706642,3,Variant 14,14,17.01.2012 23:56:44,19.01.2012 17:16:38,"1 day, 17 hours",148794000
1-644748889,2,Variant 1,1,18.01.2012 20:17:02,18.01.2012 20:19:42,"2 mins, 40 secs",160000
1-644992956,4,Variant 109,109,19.01.2012 00:02:14,20.04.2012 22:15:47,"92 days, 22 hours",8028813000
1-647796802,4,Variant 9,9,19.01.2012 18:47:12,23.01.2012 08:31:32,"3 days, 13 hours",308660000
1-647841758,4,Variant 50,50,19.01.2012 19:31:05,04.02.2012 00:27:38,"15 days, 4 hours",1313793000
1-649887393,2,Variant 1,1,23.01.2012 18:18:48,28.03.2012 19:23:22,"65 days, 1 hour",5619874000
1-650123293,4,Variant 9,9,23.01.2012 22:22:40,20.03.2012 06:37:49,"56 days, 8 hours",4868109000
1-650135511,2,Variant 1,1,23.01.2012 22:25:31,15.03.2012 13:34:37,"51 days, 15 hours",4460946000
1-650892393,2,Variant 1,1,24.01.2012 17:43:58,25.01.2012 16:28:41,"22 hours, 44 mins",81883000
1-652270498,2,Variant 1,1,26.01.2012 00:36:13,14.03.2012 21:26:04,"48 days, 20 hours",4222191000
1-652874271,2,Variant 1,1,26.01.2012 17:21:24,03.04.2012 01:10:52,"67 days, 7 hours",5816968000
1-652925445,2,Variant 1,1,26.01.2012 18:54:38,30.04.2012 22:21:26,"95 days, 3 hours",8220408000
1-653254236,3,Variant 6,6,27.01.2012 01:50:33,24.05.2012 01:34:17,"117 days, 23 hours",10194224000
1-653314473,3,Variant 13,13,27.01.2012 04:30:56,24.03.2012 01:15:21,"56 days, 20 hours",4913065000
1-653989471,3,Variant 110,110,27.01.2012 19:57:21,03.02.2012 22:48:12,"7 days, 2 hours",615051000
1-655536176,2,Variant 1,1,31.01.2012 00:52:24,23.02.2012 02:53:37,"23 days, 2 hours",1994473000
1-656510751,4,Variant 27,27,01.02.2012 03:42:52,05.02.2012 21:37:58,"4 days, 17 hours",410106000
1-656868426,4,Variant 30,30,01.02.2012 16:33:06,22.02.2012 17:36:51,"21 days, 1 hour",1818225000
1-657063150,5,Variant 111,111,01.02.2012 20:40:32,27.02.2012 22:49:10,"26 days, 2 hours",2254118000
1-657163590,3,Variant 19,19,01.02.2012 22:50:00,14.03.2012 05:08:32,"41 days, 6 hours",3565112000
1-657368644,2,Variant 1,1,02.02.2012 01:15:24,04.02.2012 00:04:20,"1 day, 22 hours",168536000
1-657768145,3,Variant 19,19,02.02.2012 19:49:59,15.02.2012 23:30:50,"13 days, 3 hours",1136451000
1-658092528,2,Variant 1,1,03.02.2012 01:49:22,03.02.2012 01:50:53,"1 min, 31 secs",91000
1-659231191,2,Variant 1,1,06.02.2012 18:49:01,27.02.2012 23:31:19,"21 days, 4 hours",1831338000
1-659376592,2,Variant 1,1,06.02.2012 21:40:31,09.02.2012 22:29:59,"3 days, 49 mins",262168000
1-659539868,2,Variant 1,1,06.02.2012 23:22:56,27.03.2012 22:15:36,"49 days, 22 hours",4315960000
1-659618631,2,Variant 1,1,07.02.2012 00:35:43,20.02.2012 19:48:15,"13 days, 19 hours",1192352000
1-659922661,2,Variant 5,5,07.02.2012 17:29:35,08.02.2012 17:44:29,"1 day, 14 mins",87294000
1-660268091,5,Variant 31,31,08.03.2012 23:51:56,15.03.2012 23:05:26,"6 days, 23 hours",602010000
1-660393401,3,Variant 6,6,08.02.2012 02:09:58,28.02.2012 18:49:20,"20 days, 16 hours",1787962000
1-660786538,3,Variant 6,6,08.02.2012 22:18:12,11.04.2012 21:56:45,"62 days, 23 hours",5441913000
1-660873096,2,Variant 1,1,08.02.2012 23:43:39,14.03.2012 21:44:52,"34 days, 22 hours",3016873000
1-660903884,3,Variant 13,13,08.02.2012 23:57:42,04.04.2012 19:29:32,"55 days, 19 hours",4822310000
1-660949435,2,Variant 1,1,09.02.2012 02:07:29,13.03.2012 20:35:07,"33 days, 18 hours",2917658000
1-661231558,2,Variant 1,1,09.02.2012 18:52:23,06.03.2012 00:52:49,"25 days, 6 hours",2181626000
1-661706786,3,Variant 6,6,09.02.2012 20:25:45,02.05.2012 18:07:53,"82 days, 21 hours",7162928000
1-663851111,2,Variant 1,1,10.02.2012 01:36:08,01.03.2012 19:40:26,"20 days, 18 hours",1793058000
1-664579051,2,Variant 1,1,10.02.2012 17:52:07,29.02.2012 23:32:49,"19 days, 5 hours",1662042000
1-669119156,5,Variant 112,112,19.02.2012 03:44:35,06.03.2012 01:29:45,"15 days, 21 hours",1374310000
1-669202942,2,Variant 1,1,13.02.2012 06:01:32,28.03.2012 07:15:40,"44 days, 1 hour",3806048000
1-669804759,2,Variant 1,1,13.02.2012 17:03:37,02.04.2012 01:50:09,"48 days, 8 hours",4178792000
1-670754761,3,Variant 38,38,13.02.2012 19:03:27,29.02.2012 02:17:05,"15 days, 7 hours",1322018000
1-672506739,6,Variant 113,113,13.02.2012 23:06:44,10.04.2012 21:36:46,"56 days, 22 hours",4919402000
1-672743704,2,Variant 1,1,13.02.2012 23:58:36,14.02.2012 19:14:30,"19 hours, 15 mins",69354000
1-672807011,3,Variant 14,14,14.02.2012 02:15:25,11.05.2012 21:24:43,"87 days, 19 hours",7585758000
1-672975080,3,Variant 13,13,14.02.2012 18:48:36,15.02.2012 20:00:42,"1 day, 1 hour",90726000
1-673143636,2,Variant 1,1,14.02.2012 21:38:20,14.02.2012 21:53:55,"15 mins, 35 secs",935000
1-673151866,2,Variant 1,1,14.02.2012 19:46:27,15.02.2012 00:19:06,"4 hours, 32 mins",16359000
1-673224718,2,Variant 5,5,14.02.2012 21:50:22,14.02.2012 21:55:42,"5 mins, 20 secs",320000
1-675150191,7,Variant 114,114,15.02.2012 20:57:26,27.04.2012 18:37:00,"71 days, 21 hours",6212374000
1-675664904,2,Variant 1,1,15.02.2012 22:55:14,15.02.2012 22:55:56,42 secs,42000
1-675685459,3,Variant 13,13,07.03.2012 17:22:21,13.03.2012 04:20:52,"5 days, 10 hours",471511000
1-675797761,1,Variant 7,7,07.03.2012 17:24:27,07.03.2012 17:24:27,0 millis,0
1-678626550,3,Variant 21,21,16.02.2012 20:22:52,02.05.2012 20:03:30,"75 days, 23 hours",6565238000
1-679235759,2,Variant 1,1,16.02.2012 21:01:43,16.02.2012 21:05:54,"4 mins, 11 secs",251000
1-681864502,4,Variant 9,9,17.02.2012 18:57:37,29.05.2012 17:45:23,"101 days, 22 hours",8808466000
1-682342767,2,Variant 1,1,23.03.2012 23:46:14,23.03.2012 23:52:53,"6 mins, 39 secs",399000
1-683298971,4,Variant 30,30,20.02.2012 17:54:27,07.05.2012 17:38:25,"76 days, 23 hours",6651838000
1-684108661,2,Variant 1,1,21.02.2012 01:55:54,02.03.2012 01:02:45,"9 days, 23 hours",860811000
1-686557724,4,Variant 9,9,22.02.2012 20:44:10,17.05.2012 18:40:23,"84 days, 21 hours",7336573000
1-686581779,2,Variant 1,1,22.02.2012 23:50:41,06.03.2012 20:12:49,"12 days, 20 hours",1110128000
1-686642441,3,Variant 21,21,07.03.2012 18:06:58,23.04.2012 22:31:53,"47 days, 4 hours",4076695000
1-686642543,2,Variant 20,20,23.02.2012 00:30:56,23.02.2012 02:08:14,"1 hour, 37 mins",5838000
1-686945977,4,Variant 40,40,23.02.2012 22:22:17,03.05.2012 18:37:08,"69 days, 20 hours",6034491000
1-687587336,2,Variant 1,1,25.02.2012 00:06:27,29.03.2012 22:20:18,"33 days, 22 hours",2931231000
1-687830906,2,Variant 1,1,26.02.2012 09:40:53,26.02.2012 10:36:37,"55 mins, 44 secs",3344000
1-688280019,5,Variant 115,115,28.02.2012 18:00:16,14.03.2012 22:33:47,"15 days, 4 hours",1312411000
1-688380091,7,Variant 116,116,27.02.2012 16:50:38,19.04.2012 17:17:17,"52 days, 26 mins",4494399000
1-688509388,3,Variant 14,14,27.02.2012 23:04:57,05.03.2012 16:36:37,"6 days, 17 hours",581500000
1-688515611,4,Variant 9,9,27.02.2012 20:08:27,17.05.2012 18:31:52,"79 days, 22 hours",6906205000
1-688564824,6,Variant 35,35,27.02.2012 22:04:10,30.03.2012 22:38:43,"32 days, 34 mins",2766873000
1-688725917,1,Variant 7,7,06.03.2012 00:19:35,06.03.2012 00:19:35,0 millis,0
1-689160381,3,Variant 6,6,28.02.2012 18:27:52,16.05.2012 19:16:51,"78 days, 48 mins",6742139000
1-689341321,2,Variant 1,1,28.02.2012 20:33:31,29.05.2012 22:53:55,"91 days, 2 hours",7870824000
1-689469104,5,Variant 117,117,29.02.2012 18:05:53,22.03.2012 03:17:10,"21 days, 9 hours",1847477000
1-689525975,3,Variant 6,6,29.02.2012 01:30:43,30.03.2012 18:00:24,"30 days, 16 hours",2651381000
1-690327801,2,Variant 1,1,29.02.2012 21:16:36,01.03.2012 23:17:13,"1 day, 2 hours",93637000
1-690327837,4,Variant 27,27,29.02.2012 21:23:42,02.03.2012 22:30:40,"2 days, 1 hour",176818000
1-690458151,2,Variant 1,1,01.03.2012 01:26:17,29.05.2012 22:52:12,"89 days, 21 hours",7766755000
1-690762471,2,Variant 118,118,01.03.2012 18:01:23,01.03.2012 18:03:24,"2 mins, 1 sec",121000
1-690931471,4,Variant 15,15,01.03.2012 23:10:13,05.03.2012 23:26:08,"4 days, 15 mins",346555000
1-691031201,2,Variant 1,1,02.03.2012 01:18:31,02.03.2012 01:18:58,27 secs,27000
1-691093464,4,Variant 50,50,02.03.2012 04:13:08,10.03.2012 01:14:47,"7 days, 21 hours",680499000
1-691146566,2,Variant 1,1,02.03.2012 08:45:27,27.04.2012 00:59:04,"55 days, 16 hours",4810417000
1-691786096,5,Variant 119,119,02.03.2012 17:32:14,29.03.2012 23:18:58,"27 days, 5 hours",2353604000
1-691786330,2,Variant 120,120,29.03.2012 17:21:22,30.03.2012 19:02:03,"1 day, 1 hour",92441000
1-691832225,2,Variant 1,1,02.03.2012 18:41:45,28.03.2012 19:20:47,"26 days, 39 mins",2248742000
1-693357728,2,Variant 1,1,06.03.2012 01:28:53,29.03.2012 23:12:42,"23 days, 21 hours",2065429000
1-693595201,1,Variant 7,7,12.03.2012 23:29:46,12.03.2012 23:29:46,0 millis,0
1-693895885,4,Variant 9,9,06.03.2012 23:08:23,18.04.2012 05:30:21,"42 days, 6 hours",3651718000
1-694222066,7,Variant 121,121,07.03.2012 17:35:03,11.05.2012 00:11:04,"64 days, 6 hours",5553361000
1-694385837,9,Variant 122,122,07.03.2012 23:15:19,29.03.2012 01:42:57,"21 days, 2 hours",1823258000
1-694420679,2,Variant 1,1,07.03.2012 23:24:22,11.04.2012 22:36:11,"34 days, 23 hours",3021109000
1-694794065,4,Variant 9,9,08.03.2012 19:24:42,22.03.2012 23:27:32,"14 days, 4 hours",1224170000
1-694808152,2,Variant 1,1,08.03.2012 19:58:51,23.03.2012 00:54:52,"14 days, 4 hours",1227361000
1-694899814,3,Variant 13,13,09.03.2012 01:17:46,03.05.2012 17:20:09,"55 days, 16 hours",4809743000
1-695486321,2,Variant 5,5,10.03.2012 00:17:58,10.03.2012 02:27:40,"2 hours, 9 mins",7782000
1-695801720,2,Variant 1,1,12.03.2012 09:15:03,12.03.2012 09:16:23,"1 min, 20 secs",80000
1-695946177,2,Variant 1,1,12.03.2012 18:09:09,14.03.2012 04:23:55,"1 day, 10 hours",123286000
1-696057890,2,Variant 1,1,12.03.2012 21:47:22,25.04.2012 22:06:39,"44 days, 19 mins",3802757000
1-696680265,6,Variant 47,47,13.03.2012 20:04:03,12.04.2012 22:43:49,"30 days, 2 hours",2601586000
1-696835891,3,Variant 13,13,14.03.2012 22:07:01,14.03.2012 23:35:14,"1 hour, 28 mins",5293000
1-696839978,3,Variant 6,6,14.03.2012 01:35:26,10.04.2012 12:48:53,"27 days, 11 hours",2373207000
1-697041731,5,Variant 123,123,14.03.2012 04:07:43,28.03.2012 21:40:14,"14 days, 17 hours",1272751000
1-697366925,2,Variant 1,1,14.03.2012 20:56:15,23.04.2012 23:52:14,"40 days, 2 hours",3466559000
1-697458590,9,Variant 124,124,15.03.2012 00:00:26,07.05.2012 22:28:53,"53 days, 22 hours",4660107000
1-697578650,2,Variant 1,1,15.03.2012 01:04:35,16.03.2012 19:45:58,"1 day, 18 hours",153683000
1-697811404,2,Variant 5,5,15.03.2012 19:15:22,15.03.2012 19:34:49,"19 mins, 27 secs",1167000
1-698044001,5,Variant 45,45,16.03.2012 00:13:24,10.04.2012 22:53:04,"25 days, 22 hours",2241580000
1-698077265,2,Variant 1,1,16.03.2012 02:34:01,16.03.2012 02:37:07,"3 mins, 6 secs",186000
1-698216063,2,Variant 5,5,16.03.2012 18:32:20,16.03.2012 18:34:29,"2 mins, 9 secs",129000
1-698346154,3,Variant 6,6,16.03.2012 18:49:14,16.03.2012 21:56:17,"3 hours, 7 mins",11223000
1-698524631,2,Variant 1,1,16.03.2012 23:27:31,24.03.2012 03:42:08,"7 days, 4 hours",620077000
1-698842669,5,Variant 125,125,18.03.2012 19:12:51,18.04.2012 21:24:24,"31 days, 2 hours",2686293000
1-698998499,7,Variant 126,126,19.03.2012 18:27:01,11.04.2012 22:05:03,"23 days, 3 hours",2000282000
1-699010040,2,Variant 1,1,19.03.2012 18:22:37,23.05.2012 18:55:42,"65 days, 33 mins",5617985000
1-699103215,9,Variant 127,127,19.03.2012 20:15:44,06.04.2012 01:47:48,"17 days, 5 hours",1488724000
1-699661601,3,Variant 13,13,30.03.2012 17:55:19,02.04.2012 18:12:02,"3 days, 16 mins",260203000
1-700362905,2,Variant 1,1,21.03.2012 20:06:24,24.03.2012 02:21:13,"2 days, 6 hours",195289000
1-700498223,9,Variant 128,128,30.03.2012 20:06:50,25.04.2012 23:54:28,"26 days, 3 hours",2260058000
1-701429911,5,Variant 129,129,23.03.2012 13:02:26,10.04.2012 17:50:05,"18 days, 4 hours",1572459000
1-702304430,2,Variant 1,1,26.03.2012 17:57:30,10.05.2012 00:34:19,"44 days, 6 hours",3825409000
1-702482271,1,Variant 7,7,26.03.2012 22:37:13,26.03.2012 22:37:13,0 millis,0
1-703190797,3,Variant 8,8,29.03.2012 18:02:18,29.03.2012 19:46:21,"1 hour, 44 mins",6243000
1-703383433,3,Variant 14,14,28.03.2012 00:03:01,11.05.2012 06:04:17,"44 days, 6 hours",3823276000
1-703399394,4,Variant 15,15,28.03.2012 00:12:29,28.03.2012 23:14:54,"23 hours, 2 mins",82945000
1-703540157,15,Variant 130,130,28.03.2012 04:05:42,26.05.2012 01:36:31,"58 days, 21 hours",5088649000
1-704229584,2,Variant 1,1,29.03.2012 01:06:47,09.05.2012 16:56:41,"41 days, 15 hours",3599394000
1-704650867,7,Variant 131,131,29.03.2012 16:29:34,04.05.2012 22:51:55,"36 days, 6 hours",3133341000
1-704703712,2,Variant 5,5,29.03.2012 19:00:19,29.03.2012 19:09:15,"8 mins, 56 secs",536000
1-704977245,4,Variant 49,49,30.03.2012 00:39:14,26.04.2012 01:57:01,"27 days, 1 hour",2337467000
1-705847575,2,Variant 1,1,30.03.2012 22:30:47,30.03.2012 22:37:12,"6 mins, 25 secs",385000
1-706866666,2,Variant 1,1,02.04.2012 19:41:55,11.04.2012 18:26:26,"8 days, 22 hours",773071000
1-706988783,2,Variant 1,1,02.04.2012 23:07:28,09.05.2012 21:51:26,"36 days, 22 hours",3192238000
1-707300171,11,Variant 132,132,03.04.2012 03:18:47,22.05.2012 19:32:42,"49 days, 16 hours",4292035000
1-707623601,3,Variant 6,6,03.04.2012 18:10:52,03.04.2012 20:17:36,"2 hours, 6 mins",7604000
1-707693471,2,Variant 1,1,03.04.2012 20:14:09,10.04.2012 05:28:59,"6 days, 9 hours",551690000
1-707704098,2,Variant 1,1,03.04.2012 20:24:46,04.05.2012 21:46:53,"31 days, 1 hour",2683327000
1-708716045,2,Variant 1,1,04.04.2012 21:02:46,18.04.2012 17:08:02,"13 days, 20 hours",1195516000
1-709552565,4,Variant 44,44,05.04.2012 21:13:51,18.04.2012 01:23:51,"12 days, 4 hours",1051800000
1-710109531,2,Variant 1,1,06.04.2012 20:11:21,06.04.2012 22:26:37,"2 hours, 15 mins",8116000
1-710114300,8,Variant 133,133,06.04.2012 19:34:34,16.04.2012 19:18:09,"9 days, 23 hours",863015000
1-712856449,4,Variant 15,15,09.04.2012 16:37:33,16.04.2012 19:59:43,"7 days, 3 hours",616930000
1-713106267,3,Variant 14,14,10.04.2012 10:03:09,16.05.2012 07:46:34,"35 days, 21 hours",3102205000
1-715638561,4,Variant 15,15,10.04.2012 21:37:14,10.04.2012 22:41:51,"1 hour, 4 mins",3877000
1-716154984,3,Variant 13,13,11.04.2012 16:38:08,24.04.2012 17:07:44,"13 days, 29 mins",1124976000
1-717222893,2,Variant 5,5,12.04.2012 23:35:00,12.04.2012 23:40:06,"5 mins, 6 secs",306000
1-717275094,2,Variant 5,5,13.04.2012 00:12:45,13.04.2012 00:17:17,"4 mins, 32 secs",272000
1-718132104,2,Variant 1,1,14.04.2012 01:58:57,19.04.2012 20:58:02,"5 days, 18 hours",500345000
1-719199254,9,Variant 134,134,16.04.2012 21:57:54,17.05.2012 21:34:01,"30 days, 23 hours",2676967000
1-719999163,2,Variant 1,1,17.04.2012 15:46:35,16.05.2012 13:48:11,"28 days, 22 hours",2498496000
1-720069371,7,Variant 135,135,17.04.2012 18:12:34,14.05.2012 17:55:22,"26 days, 23 hours",2331768000
1-722674364,8,Variant 136,136,19.04.2012 05:54:43,07.05.2012 22:45:40,"18 days, 16 hours",1615857000
1-722688743,4,Variant 15,15,19.04.2012 13:54:27,24.05.2012 13:31:54,"34 days, 23 hours",3022647000
1-726517211,5,Variant 137,137,19.04.2012 17:15:21,19.04.2012 17:18:34,"3 mins, 13 secs",193000
1-726760342,3,Variant 6,6,19.04.2012 21:36:37,24.05.2012 19:41:39,"34 days, 22 hours",3017102000
1-726808501,2,Variant 1,1,19.04.2012 22:31:06,24.05.2012 00:56:52,"34 days, 2 hours",2946346000
1-728461114,3,Variant 6,6,20.04.2012 21:01:51,19.05.2012 05:14:41,"28 days, 8 hours",2448770000
1-728470722,5,Variant 138,138,20.04.2012 22:04:29,30.05.2012 17:44:57,"39 days, 19 hours",3440428000
1-728641711,4,Variant 15,15,21.04.2012 02:13:58,14.05.2012 22:51:02,"23 days, 20 hours",2061424000
1-729711756,2,Variant 1,1,23.04.2012 23:24:45,10.05.2012 01:27:57,"16 days, 2 hours",1389792000
1-729826369,2,Variant 1,1,24.04.2012 00:56:04,24.04.2012 00:59:57,"3 mins, 53 secs",233000
1-730084841,3,Variant 13,13,24.04.2012 08:48:09,24.04.2012 09:09:14,"21 mins, 5 secs",1265000
1-730084875,2,Variant 5,5,24.04.2012 09:05:25,24.04.2012 09:06:50,"1 min, 25 secs",85000
1-731792664,2,Variant 1,1,25.04.2012 18:34:38,25.04.2012 19:24:33,"49 mins, 55 secs",2995000
1-731908702,3,Variant 14,14,25.04.2012 18:50:00,30.04.2012 20:29:39,"5 days, 1 hour",437979000
1-732289301,5,Variant 45,45,26.04.2012 00:51:48,22.05.2012 22:24:42,"26 days, 21 hours",2323974000
1-732357301,4,Variant 16,16,26.04.2012 02:18:15,14.05.2012 22:27:02,"18 days, 20 hours",1627727000
1-733562890,7,Variant 139,139,27.04.2012 18:01:45,23.05.2012 22:56:10,"26 days, 4 hours",2264065000
1-736351127,9,Variant 48,48,30.04.2012 13:27:00,07.05.2012 23:40:13,"7 days, 10 hours",641593000
1-736351222,9,Variant 48,48,30.04.2012 13:47:41,07.05.2012 23:40:44,"7 days, 9 hours",640383000
1-737323915,2,Variant 10,10,01.05.2012 17:34:04,01.05.2012 17:34:46,42 secs,42000
1-737341073,1,Variant 7,7,01.05.2012 22:55:13,01.05.2012 22:55:13,0 millis,0
1-738285921,1,Variant 11,11,02.05.2012 18:46:29,02.05.2012 18:46:29,0 millis,0
1-738300041,22,Variant 140,140,02.05.2012 19:04:02,30.05.2012 23:07:15,"28 days, 4 hours",2433793000
1-738322892,8,Variant 141,141,02.05.2012 19:59:57,14.06.2012 17:57:33,"42 days, 21 hours",3707856000
1-738501821,5,Variant 142,142,02.05.2012 22:47:51,05.06.2012 19:09:58,"33 days, 20 hours",2924527000
1-738520030,3,Variant 12,12,02.05.2012 22:58:29,05.06.2012 19:10:21,"33 days, 20 hours",2923912000
1-738520140,3,Variant 12,12,02.05.2012 23:04:59,05.06.2012 19:10:55,"33 days, 20 hours",2923556000
1-738520280,3,Variant 12,12,02.05.2012 23:09:52,05.06.2012 19:11:15,"33 days, 20 hours",2923283000
1-738520420,3,Variant 12,12,02.05.2012 23:14:31,05.06.2012 19:11:33,"33 days, 19 hours",2923022000
1-738520500,3,Variant 12,12,02.05.2012 23:26:26,05.06.2012 19:11:49,"33 days, 19 hours",2922323000
1-738538186,1,Variant 2,2,02.05.2012 23:19:07,02.05.2012 23:19:07,0 millis,0
1-738554050,3,Variant 12,12,02.05.2012 23:30:23,05.06.2012 19:12:04,"33 days, 19 hours",2922101000
1-738554110,3,Variant 12,12,02.05.2012 23:34:54,05.06.2012 19:12:30,"33 days, 19 hours",2921856000
1-738820901,2,Variant 3,3,03.05.2012 07:07:53,03.05.2012 07:21:30,"13 mins, 37 secs",817000
1-738820974,3,Variant 19,19,03.05.2012 07:20:24,26.05.2012 02:38:43,"22 days, 19 hours",1970299000
1-739196611,2,Variant 10,10,03.05.2012 17:25:49,03.05.2012 19:52:35,"2 hours, 26 mins",8806000
1-739220231,2,Variant 4,4,03.05.2012 17:32:43,09.05.2012 22:34:20,"6 days, 5 hours",536497000
1-739271601,1,Variant 2,2,03.05.2012 18:48:58,03.05.2012 18:48:58,0 millis,0
1-739276320,2,Variant 4,4,03.05.2012 20:40:49,03.05.2012 20:41:56,"1 min, 7 secs",67000
1-739323204,1,Variant 2,2,03.05.2012 19:38:08,03.05.2012 19:38:08,0 millis,0
1-739385022,5,Variant 143,143,03.05.2012 20:04:47,09.05.2012 17:57:50,"5 days, 21 hours",510783000
1-739606592,3,Variant 144,144,04.05.2012 00:26:17,04.05.2012 20:17:14,"19 hours, 50 mins",71457000
1-739633778,6,Variant 145,145,04.05.2012 01:32:07,23.05.2012 21:33:33,"19 days, 20 hours",1713686000
1-739695919,11,Variant 146,146,04.05.2012 01:00:53,29.05.2012 21:17:45,"25 days, 20 hours",2233012000
1-740315794,2,Variant 20,20,04.05.2012 22:38:08,04.06.2012 18:36:02,"30 days, 19 hours",2663874000
1-740460519,3,Variant 17,17,04.05.2012 20:26:13,05.05.2012 01:17:32,"4 hours, 51 mins",17479000
1-740527376,1,Variant 2,2,04.05.2012 19:53:40,04.05.2012 19:53:40,0 millis,0
1-740597491,10,Variant 147,147,04.05.2012 21:43:49,07.06.2012 02:08:59,"33 days, 4 hours",2867110000
1-740618034,3,Variant 23,23,04.05.2012 23:29:10,06.06.2012 02:05:29,"32 days, 2 hours",2774179000
1-740681141,4,Variant 41,41,04.05.2012 23:30:41,07.05.2012 17:06:20,"2 days, 17 hours",236139000
1-740681235,1,Variant 7,7,05.05.2012 00:07:02,05.05.2012 00:07:02,0 millis,0
1-740740981,3,Variant 8,8,05.05.2012 00:45:42,10.05.2012 23:15:05,"5 days, 22 hours",512963000
1-740829883,1,Variant 11,11,06.05.2012 00:07:46,06.05.2012 00:07:46,0 millis,0
1-741545507,1,Variant 2,2,07.05.2012 23:24:19,07.05.2012 23:24:19,0 millis,0
1-741547216,1,Variant 2,2,07.05.2012 22:00:54,07.05.2012 22:00:54,0 millis,0
1-741556827,2,Variant 4,4,07.05.2012 20:03:03,07.05.2012 20:47:27,"44 mins, 24 secs",2664000
1-741583418,1,Variant 2,2,07.05.2012 18:49:22,07.05.2012 18:49:22,0 millis,0
1-741647211,1,Variant 2,2,07.05.2012 19:14:46,07.05.2012 19:14:46,0 millis,0
1-741672841,1,Variant 2,2,07.05.2012 20:32:01,07.05.2012 20:32:01,0 millis,0
1-741674039,1,Variant 2,2,07.05.2012 19:20:17,07.05.2012 19:20:17,0 millis,0
1-741826252,1,Variant 2,2,07.05.2012 22:58:34,07.05.2012 22:58:34,0 millis,0
1-741867303,1,Variant 2,2,08.05.2012 00:01:53,08.05.2012 00:01:53,0 millis,0
1-741987554,6,Variant 148,148,08.05.2012 03:07:13,09.05.2012 00:53:55,"21 hours, 46 mins",78402000
1-742134325,1,Variant 2,2,08.05.2012 17:11:39,08.05.2012 17:11:39,0 millis,0
1-742230262,1,Variant 2,2,08.05.2012 19:08:10,08.05.2012 19:08:10,0 millis,0
1-742257742,1,Variant 2,2,08.05.2012 20:56:29,08.05.2012 20:56:29,0 millis,0
1-742295367,4,Variant 28,28,08.05.2012 21:46:41,08.06.2012 23:25:04,"31 days, 1 hour",2684303000
1-742296921,4,Variant 15,15,08.05.2012 20:27:37,23.05.2012 00:12:41,"14 days, 3 hours",1223104000
1-742383121,2,Variant 3,3,08.05.2012 22:43:59,08.05.2012 22:53:49,"9 mins, 50 secs",590000
1-742383139,4,Variant 9,9,08.05.2012 22:51:43,17.05.2012 18:35:01,"8 days, 19 hours",762198000
1-742397639,1,Variant 2,2,09.05.2012 01:05:20,09.05.2012 01:05:20,0 millis,0
1-742498161,2,Variant 3,3,09.05.2012 03:22:05,09.05.2012 03:27:09,"5 mins, 4 secs",304000
1-742516187,2,Variant 3,3,09.05.2012 04:29:01,09.05.2012 04:29:46,45 secs,45000
1-742523071,3,Variant 32,32,09.05.2012 04:23:46,09.05.2012 04:36:25,"12 mins, 39 secs",759000
1-742730173,3,Variant 8,8,09.05.2012 19:03:04,30.05.2012 18:12:09,"20 days, 23 hours",1811345000
1-742746815,1,Variant 2,2,09.05.2012 20:47:35,09.05.2012 20:47:35,0 millis,0
1-742748687,2,Variant 3,3,09.05.2012 20:14:46,09.05.2012 20:15:48,"1 min, 2 secs",62000
1-742748728,2,Variant 3,3,09.05.2012 22:49:11,09.05.2012 22:55:56,"6 mins, 45 secs",405000
1-742765946,1,Variant 2,2,09.05.2012 22:28:47,09.05.2012 22:28:47,0 millis,0
1-742833777,1,Variant 149,149,10.05.2012 01:27:42,10.05.2012 01:27:42,0 millis,0
1-742838561,1,Variant 2,2,09.05.2012 22:28:23,09.05.2012 22:28:23,0 millis,0
1-742894028,3,Variant 51,51,09.05.2012 23:07:58,09.05.2012 23:55:09,"47 mins, 11 secs",2831000
1-742980945,1,Variant 2,2,10.05.2012 00:54:37,10.05.2012 00:54:37,0 millis,0
1-743052684,2,Variant 4,4,10.05.2012 08:36:03,10.05.2012 08:40:36,"4 mins, 33 secs",273000
1-743091195,4,Variant 150,150,10.05.2012 06:48:06,18.05.2012 02:54:10,"7 days, 20 hours",677164000
1-743110322,1,Variant 2,2,10.05.2012 07:42:10,10.05.2012 07:42:10,0 millis,0
1-743163074,2,Variant 4,4,10.05.2012 11:23:06,10.05.2012 11:24:43,"1 min, 37 secs",97000
1-743289531,2,Variant 4,4,10.05.2012 18:51:50,10.05.2012 19:16:30,"24 mins, 40 secs",1480000
1-743310191,2,Variant 10,10,10.05.2012 18:36:55,22.05.2012 22:40:20,"12 days, 4 hours",1051405000
1-743358071,1,Variant 2,2,10.05.2012 19:32:04,10.05.2012 19:32:04,0 millis,0
1-743367526,1,Variant 2,2,10.05.2012 20:07:53,10.05.2012 20:07:53,0 millis,0
1-743395731,2,Variant 3,3,10.05.2012 21:38:11,10.05.2012 21:57:13,"19 mins, 2 secs",1142000
1-743404481,2,Variant 3,3,10.05.2012 20:41:28,10.05.2012 20:50:54,"9 mins, 26 secs",566000
1-743483832,1,Variant 2,2,10.05.2012 22:24:06,10.05.2012 22:24:06,0 millis,0
1-743549026,1,Variant 2,2,10.05.2012 22:31:01,10.05.2012 22:31:01,0 millis,0
1-743606342,8,Variant 151,151,11.05.2012 01:01:40,07.06.2012 20:14:17,"27 days, 19 hours",2401957000
1-743628673,1,Variant 2,2,11.05.2012 00:37:52,11.05.2012 00:37:52,0 millis,0
1-743659911,2,Variant 1,1,11.05.2012 00:53:26,01.06.2012 00:19:08,"20 days, 23 hours",1812342000
1-743809811,2,Variant 5,5,11.05.2012 16:25:19,14.06.2012 07:04:04,"33 days, 14 hours",2903925000
1-743877727,3,Variant 8,8,11.05.2012 18:23:35,16.05.2012 18:25:43,"5 days, 2 mins",432128000
1-744020867,2,Variant 1,1,11.05.2012 20:32:41,11.05.2012 20:35:47,"3 mins, 6 secs",186000
1-744055890,2,Variant 4,4,11.05.2012 20:52:48,11.05.2012 21:44:27,"51 mins, 39 secs",3099000
1-744073361,2,Variant 4,4,11.05.2012 21:22:26,11.05.2012 21:34:09,"11 mins, 43 secs",703000
1-744088047,3,Variant 8,8,11.05.2012 23:35:23,23.05.2012 22:21:56,"11 days, 22 hours",1032393000
1-744088765,2,Variant 10,10,11.05.2012 23:07:17,11.05.2012 23:24:06,"16 mins, 49 secs",1009000
1-744092373,2,Variant 4,4,11.05.2012 21:33:09,11.05.2012 21:41:36,"8 mins, 27 secs",507000
1-744092992,1,Variant 2,2,11.05.2012 21:05:02,11.05.2012 21:05:02,0 millis,0
1-744096281,2,Variant 1,1,11.05.2012 21:44:22,29.05.2012 16:23:44,"17 days, 18 hours",1535962000
1-744103178,1,Variant 2,2,11.05.2012 22:18:00,11.05.2012 22:18:00,0 millis,0
1-744165506,2,Variant 4,4,12.05.2012 01:39:44,15.05.2012 01:50:04,"3 days, 10 mins",259820000
1-744207783,1,Variant 2,2,12.05.2012 00:38:58,12.05.2012 00:38:58,0 millis,0
1-744321601,1,Variant 7,7,12.05.2012 06:56:56,12.05.2012 06:56:56,0 millis,0
1-744436815,2,Variant 1,1,14.05.2012 01:29:31,14.05.2012 01:30:04,33 secs,33000
1-744617566,1,Variant 2,2,14.05.2012 17:57:22,14.05.2012 17:57:22,0 millis,0
1-744771526,2,Variant 1,1,14.05.2012 20:27:18,14.05.2012 20:28:52,"1 min, 34 secs",94000
1-744812279,2,Variant 1,1,15.05.2012 02:27:12,15.05.2012 02:33:42,"6 mins, 30 secs",390000
1-744849671,2,Variant 4,4,14.05.2012 23:03:41,14.05.2012 23:04:27,46 secs,46000
1-744950276,1,Variant 2,2,14.05.2012 23:32:58,14.05.2012 23:32:58,0 millis,0
1-745019964,1,Variant 2,2,15.05.2012 00:05:22,15.05.2012 00:05:22,0 millis,0
1-745061554,2,Variant 4,4,15.05.2012 01:38:49,15.05.2012 01:49:54,"11 mins, 5 secs",665000
1-745082895,1,Variant 2,2,15.05.2012 01:58:00,15.05.2012 01:58:00,0 millis,0
1-745380511,2,Variant 4,4,15.05.2012 18:50:30,12.06.2012 18:31:19,"27 days, 23 hours",2418049000
1-745402650,2,Variant 4,4,15.05.2012 19:13:45,15.05.2012 19:20:04,"6 mins, 19 secs",379000
1-745418021,1,Variant 2,2,15.05.2012 19:16:00,15.05.2012 19:16:00,0 millis,0
1-745542401,1,Variant 2,2,15.05.2012 23:39:29,15.05.2012 23:39:29,0 millis,0
1-745546187,3,Variant 22,22,15.05.2012 23:09:47,16.05.2012 19:24:45,"20 hours, 14 mins",72898000
1-745590142,2,Variant 1,1,15.05.2012 23:47:11,31.05.2012 22:34:39,"15 days, 22 hours",1378048000
1-745625831,1,Variant 2,2,16.05.2012 01:53:46,16.05.2012 01:53:46,0 millis,0
1-745647199,2,Variant 4,4,16.05.2012 01:44:06,16.05.2012 01:44:50,44 secs,44000
1-745770713,9,Variant 152,152,16.05.2012 06:11:24,30.05.2012 17:02:21,"14 days, 10 hours",1248657000
1-745886321,1,Variant 2,2,16.05.2012 14:14:26,16.05.2012 14:14:26,0 millis,0
1-745966287,1,Variant 2,2,16.05.2012 18:17:46,16.05.2012 18:17:46,0 millis,0
1-745991925,1,Variant 2,2,16.05.2012 18:18:12,16.05.2012 18:18:12,0 millis,0
1-745995763,3,Variant 153,153,16.05.2012 19:42:10,15.06.2012 03:27:00,"29 days, 7 hours",2533490000
1-746009843,1,Variant 2,2,16.05.2012 19:49:57,16.05.2012 19:49:57,0 millis,0
1-746011641,2,Variant 1,1,16.05.2012 20:04:19,21.05.2012 20:18:48,"5 days, 14 mins",432869000
1-746018291,3,Variant 8,8,16.05.2012 19:08:08,16.05.2012 19:37:15,"29 mins, 7 secs",1747000
1-746018381,3,Variant 8,8,16.05.2012 19:12:56,16.05.2012 19:37:38,"24 mins, 42 secs",1482000
1-746018891,6,Variant 154,154,16.05.2012 19:35:28,07.06.2012 17:44:04,"21 days, 22 hours",1894116000
1-746049852,2,Variant 10,10,16.05.2012 20:18:54,30.05.2012 17:12:05,"13 days, 20 hours",1198391000
1-746052232,2,Variant 3,3,17.05.2012 00:06:45,17.05.2012 00:27:43,"20 mins, 58 secs",1258000
1-746057054,1,Variant 2,2,16.05.2012 19:49:07,16.05.2012 19:49:07,0 millis,0
1-746118131,2,Variant 5,5,16.05.2012 21:12:42,31.05.2012 22:30:05,"15 days, 1 hour",1300643000
1-746123906,2,Variant 1,1,16.05.2012 21:23:17,22.05.2012 20:19:21,"5 days, 22 hours",514564000
1-746129221,1,Variant 2,2,16.05.2012 21:16:49,16.05.2012 21:16:49,0 millis,0
1-746148231,2,Variant 5,5,16.05.2012 21:33:40,16.05.2012 21:34:34,54 secs,54000
1-746148741,3,Variant 8,8,16.05.2012 22:00:49,16.05.2012 22:11:38,"10 mins, 49 secs",649000
1-746175541,2,Variant 5,5,16.05.2012 22:31:17,16.05.2012 22:32:33,"1 min, 16 secs",76000
1-746205481,3,Variant 8,8,16.05.2012 23:14:24,16.05.2012 23:26:28,"12 mins, 4 secs",724000
1-746245931,2,Variant 5,5,16.05.2012 23:33:30,16.05.2012 23:36:08,"2 mins, 38 secs",158000
1-746246761,1,Variant 2,2,17.05.2012 01:06:56,17.05.2012 01:06:56,0 millis,0
1-746306469,1,Variant 2,2,17.05.2012 02:18:20,17.05.2012 02:18:20,0 millis,0
1-746318085,2,Variant 10,10,17.05.2012 01:35:29,24.05.2012 19:21:36,"7 days, 17 hours",668767000
1-746331441,1,Variant 7,7,17.05.2012 02:00:04,17.05.2012 02:00:04,0 millis,0
1-746341261,1,Variant 7,7,17.05.2012 01:52:15,17.05.2012 01:52:15,0 millis,0
1-746464884,5,Variant 155,155,17.05.2012 18:20:34,08.06.2012 22:27:52,"22 days, 4 hours",1915638000
1-746534906,3,Variant 17,17,17.05.2012 12:43:33,22.05.2012 22:14:38,"5 days, 9 hours",466265000
1-746538521,3,Variant 156,156,17.05.2012 16:36:39,17.05.2012 16:40:06,"3 mins, 27 secs",207000
1-746582460,2,Variant 3,3,17.05.2012 23:19:42,17.05.2012 23:46:59,"27 mins, 17 secs",1637000
1-746599948,2,Variant 3,3,17.05.2012 20:24:17,17.05.2012 20:24:51,34 secs,34000
1-746662619,2,Variant 1,1,18.05.2012 00:51:43,19.05.2012 00:10:30,"23 hours, 18 mins",83927000
1-746854891,1,Variant 2,2,18.05.2012 18:29:52,18.05.2012 18:29:52,0 millis,0
1-746973401,1,Variant 2,2,18.05.2012 20:45:12,18.05.2012 20:45:12,0 millis,0
1-747003445,2,Variant 3,3,18.05.2012 23:10:38,18.05.2012 23:17:06,"6 mins, 28 secs",388000
1-747011587,2,Variant 3,3,18.05.2012 23:02:31,18.05.2012 23:03:20,49 secs,49000
1-747011867,2,Variant 3,3,18.05.2012 23:54:11,18.05.2012 23:57:07,"2 mins, 56 secs",176000
1-747042322,1,Variant 2,2,18.05.2012 23:21:23,18.05.2012 23:21:23,0 millis,0
1-747064611,5,Variant 26,26,19.05.2012 00:08:41,19.05.2012 03:57:59,"3 hours, 49 mins",13758000
1-747090194,3,Variant 29,29,19.05.2012 02:22:08,19.05.2012 02:29:50,"7 mins, 42 secs",462000
1-747147181,4,Variant 25,25,19.05.2012 03:17:14,30.05.2012 23:30:09,"11 days, 20 hours",1023175000
1-747173974,1,Variant 2,2,19.05.2012 04:21:35,19.05.2012 04:21:35,0 millis,0
1-747371909,9,Variant 157,157,19.05.2012 18:15:02,13.06.2012 23:06:57,"25 days, 4 hours",2177515000
1-747372912,3,Variant 52,52,19.05.2012 18:37:29,14.06.2012 17:59:11,"25 days, 23 hours",2244102000
1-747473781,9,Variant 158,158,21.05.2012 17:13:29,21.05.2012 18:25:19,"1 hour, 11 mins",4310000
1-747590161,1,Variant 2,2,21.05.2012 18:14:04,21.05.2012 18:14:04,0 millis,0
1-747681195,4,Variant 49,49,21.05.2012 19:39:28,23.05.2012 21:33:34,"2 days, 1 hour",179646000
1-747689792,3,Variant 51,51,21.05.2012 21:00:48,21.05.2012 22:00:16,"59 mins, 28 secs",3568000
1-747770943,1,Variant 2,2,21.05.2012 20:37:35,21.05.2012 20:37:35,0 millis,0
1-748028911,2,Variant 10,10,22.05.2012 01:14:31,22.05.2012 01:20:58,"6 mins, 27 secs",387000
1-748341571,2,Variant 55,55,22.05.2012 18:39:28,22.05.2012 20:15:17,"1 hour, 35 mins",5749000
1-748341709,2,Variant 55,55,22.05.2012 20:24:05,22.05.2012 20:24:30,25 secs,25000
1-748373500,2,Variant 4,4,22.05.2012 18:58:58,22.05.2012 19:01:20,"2 mins, 22 secs",142000
1-748414511,1,Variant 2,2,22.05.2012 20:01:04,22.05.2012 20:01:04,0 millis,0
1-748432219,1,Variant 2,2,22.05.2012 20:19:48,22.05.2012 20:19:48,0 millis,0
1-748438405,2,Variant 1,1,22.05.2012 19:57:53,22.05.2012 20:03:02,"5 mins, 9 secs",309000
1-748531941,2,Variant 3,3,22.05.2012 22:14:43,22.05.2012 22:28:09,"13 mins, 26 secs",806000
1-748720121,2,Variant 5,5,23.05.2012 01:14:50,13.06.2012 01:10:26,"20 days, 23 hours",1814136000
1-748764090,1,Variant 2,2,23.05.2012 02:13:25,23.05.2012 02:13:25,0 millis,0
1-748801231,1,Variant 2,2,23.05.2012 03:11:09,23.05.2012 03:11:09,0 millis,0
1-748843986,2,Variant 3,3,23.05.2012 07:17:41,11.06.2012 23:27:51,"19 days, 16 hours",1699810000
1-748947671,2,Variant 3,3,23.05.2012 17:35:04,23.05.2012 17:38:01,"2 mins, 57 secs",177000
1-749042472,1,Variant 2,2,23.05.2012 19:49:33,23.05.2012 19:49:33,0 millis,0
1-749053411,1,Variant 2,2,24.05.2012 02:26:49,24.05.2012 02:26:49,0 millis,0
1-749112097,1,Variant 2,2,23.05.2012 21:47:18,23.05.2012 21:47:18,0 millis,0
1-749119026,5,Variant 159,159,23.05.2012 20:31:52,24.05.2012 01:31:52,5 hours,18000000
1-749162875,2,Variant 3,3,23.05.2012 22:51:33,23.05.2012 22:56:14,"4 mins, 41 secs",281000
1-749184198,2,Variant 4,4,23.05.2012 22:41:45,23.05.2012 23:31:00,"49 mins, 15 secs",2955000
1-749184744,2,Variant 4,4,23.05.2012 23:30:51,23.05.2012 23:31:07,16 secs,16000
1-749184751,3,Variant 12,12,23.05.2012 23:20:24,30.05.2012 22:29:30,"6 days, 23 hours",601746000
1-749184839,2,Variant 3,3,24.05.2012 01:02:51,24.05.2012 01:05:35,"2 mins, 44 secs",164000
1-749285083,1,Variant 2,2,24.05.2012 00:37:53,24.05.2012 00:37:53,0 millis,0
1-749285250,1,Variant 2,2,24.05.2012 00:43:46,24.05.2012 00:43:46,0 millis,0
1-749285407,1,Variant 2,2,24.05.2012 00:48:42,24.05.2012 00:48:42,0 millis,0
1-749290225,2,Variant 10,10,24.05.2012 01:04:39,04.06.2012 20:50:28,"11 days, 19 hours",1021549000
1-749306975,1,Variant 11,11,24.05.2012 01:15:50,24.05.2012 01:15:50,0 millis,0
1-749307260,1,Variant 2,2,24.05.2012 17:06:53,24.05.2012 17:06:53,0 millis,0
1-749313527,2,Variant 4,4,24.05.2012 01:59:36,24.05.2012 02:07:31,"7 mins, 55 secs",475000
1-749375951,2,Variant 4,4,24.05.2012 04:18:20,24.05.2012 04:25:02,"6 mins, 42 secs",402000
1-749402183,1,Variant 11,11,24.05.2012 07:20:14,24.05.2012 07:20:14,0 millis,0
1-749527522,2,Variant 4,4,24.05.2012 17:24:10,24.05.2012 18:04:54,"40 mins, 44 secs",2444000
1-749550065,1,Variant 54,54,24.05.2012 17:42:00,24.05.2012 17:42:00,0 millis,0
1-749572004,2,Variant 4,4,24.05.2012 18:04:10,24.05.2012 18:12:23,"8 mins, 13 secs",493000
1-749614245,2,Variant 3,3,24.05.2012 19:31:30,24.05.2012 19:38:26,"6 mins, 56 secs",416000
1-749657781,1,Variant 11,11,24.05.2012 21:24:35,24.05.2012 21:24:35,0 millis,0
1-749730150,4,Variant 37,37,24.05.2012 23:59:07,11.06.2012 17:17:57,"17 days, 17 hours",1531130000
1-749747547,2,Variant 1,1,24.05.2012 23:59:11,25.05.2012 00:00:55,"1 min, 44 secs",104000
1-749760823,1,Variant 2,2,24.05.2012 23:24:01,24.05.2012 23:24:01,0 millis,0
1-749821849,1,Variant 2,2,25.05.2012 00:53:41,25.05.2012 00:53:41,0 millis,0
1-749840934,3,Variant 8,8,24.05.2012 23:53:02,31.05.2012 02:16:10,"6 days, 2 hours",526988000
1-749851721,7,Variant 160,160,25.05.2012 00:24:36,28.05.2012 19:40:54,"3 days, 19 hours",328578000
1-749871888,1,Variant 2,2,25.05.2012 01:32:26,25.05.2012 01:32:26,0 millis,0
1-749886936,1,Variant 2,2,25.05.2012 01:36:03,25.05.2012 01:36:03,0 millis,0
1-749931426,1,Variant 2,2,25.05.2012 03:11:46,25.05.2012 03:11:46,0 millis,0
1-749938024,2,Variant 4,4,25.05.2012 02:10:33,25.05.2012 02:14:10,"3 mins, 37 secs",217000
1-750007716,4,Variant 25,25,25.05.2012 13:28:10,25.05.2012 14:21:11,"53 mins, 1 sec",3181000
1-750090643,6,Variant 161,161,25.05.2012 17:55:16,31.05.2012 22:55:33,"6 days, 5 hours",536417000
1-750106623,5,Variant 162,162,25.05.2012 18:04:05,07.06.2012 22:22:30,"13 days, 4 hours",1138705000
1-750161066,2,Variant 3,3,25.05.2012 18:32:26,25.05.2012 18:42:34,"10 mins, 8 secs",608000
1-750161245,2,Variant 3,3,25.05.2012 18:33:16,25.05.2012 18:35:21,"2 mins, 5 secs",125000
1-750179984,2,Variant 3,3,25.05.2012 19:02:09,28.05.2012 18:49:12,"2 days, 23 hours",258423000
1-750196720,1,Variant 2,2,25.05.2012 19:44:47,25.05.2012 19:44:47,0 millis,0
1-750209134,1,Variant 11,11,25.05.2012 19:59:41,25.05.2012 19:59:41,0 millis,0
1-750209298,1,Variant 11,11,25.05.2012 20:05:54,25.05.2012 20:05:54,0 millis,0
1-750239221,1,Variant 2,2,25.05.2012 20:51:00,25.05.2012 20:51:00,0 millis,0
1-750255303,1,Variant 2,2,25.05.2012 22:40:59,25.05.2012 22:40:59,0 millis,0
1-750293610,1,Variant 2,2,25.05.2012 23:26:13,25.05.2012 23:26:13,0 millis,0
1-750411941,6,Variant 163,163,26.05.2012 00:25:26,28.05.2012 18:51:18,"2 days, 18 hours",239152000
1-750437951,2,Variant 5,5,26.05.2012 01:02:19,26.05.2012 01:14:45,"12 mins, 26 secs",746000
1-750473129,1,Variant 2,2,26.05.2012 03:08:45,26.05.2012 03:08:45,0 millis,0
1-750499270,8,Variant 164,164,26.05.2012 05:13:47,30.05.2012 17:14:05,"4 days, 12 hours",388818000
1-750717620,4,Variant 165,165,28.05.2012 18:46:21,29.05.2012 22:01:53,"1 day, 3 hours",98132000
1-750823791,1,Variant 11,11,28.05.2012 19:35:48,28.05.2012 19:35:48,0 millis,0
1-750838075,1,Variant 2,2,28.05.2012 19:01:38,28.05.2012 19:01:38,0 millis,0
1-751087171,4,Variant 37,37,29.05.2012 01:14:06,01.06.2012 02:21:33,"3 days, 1 hour",263247000
1-751140095,2,Variant 3,3,29.05.2012 03:49:10,29.05.2012 19:12:26,"15 hours, 23 mins",55396000
1-751197742,1,Variant 2,2,29.05.2012 16:44:03,29.05.2012 16:44:03,0 millis,0
1-751277838,1,Variant 2,2,29.05.2012 18:05:58,29.05.2012 18:05:58,0 millis,0
1-751447190,1,Variant 2,2,29.05.2012 19:58:59,29.05.2012 19:58:59,0 millis,0
1-751457471,2,Variant 3,3,29.05.2012 20:43:07,29.05.2012 20:43:23,16 secs,16000
1-751461582,3,Variant 22,22,29.05.2012 22:05:01,29.05.2012 22:15:11,"10 mins, 10 secs",610000
1-751492205,1,Variant 2,2,29.05.2012 21:48:35,29.05.2012 21:48:35,0 millis,0
1-751548681,4,Variant 166,166,29.05.2012 23:28:01,30.05.2012 00:07:32,"39 mins, 31 secs",2371000
1-751568641,1,Variant 11,11,29.05.2012 23:42:20,29.05.2012 23:42:20,0 millis,0
1-751683081,2,Variant 3,3,30.05.2012 00:48:03,30.05.2012 00:49:44,"1 min, 41 secs",101000
1-751689562,1,Variant 2,2,30.05.2012 01:44:19,30.05.2012 01:44:19,0 millis,0
1-751729551,2,Variant 10,10,30.05.2012 03:24:19,30.05.2012 03:24:45,26 secs,26000
1-751772104,2,Variant 4,4,30.05.2012 04:28:51,30.05.2012 22:03:07,"17 hours, 34 mins",63256000
1-751904239,1,Variant 2,2,30.05.2012 16:28:43,30.05.2012 16:28:43,0 millis,0
1-752141231,9,Variant 167,167,30.05.2012 21:56:34,14.06.2012 21:56:52,"15 days, 18 secs",1296018000
1-752141295,2,Variant 5,5,30.05.2012 22:03:09,30.05.2012 22:05:01,"1 min, 52 secs",112000
1-752158401,1,Variant 11,11,30.05.2012 22:53:31,30.05.2012 22:53:31,0 millis,0
1-752184442,1,Variant 2,2,30.05.2012 23:40:15,30.05.2012 23:40:15,0 millis,0
1-752195185,1,Variant 2,2,31.05.2012 18:31:01,31.05.2012 18:31:01,0 millis,0
1-752253951,1,Variant 11,11,31.05.2012 00:50:36,31.05.2012 00:50:36,0 millis,0
1-752262129,2,Variant 3,3,31.05.2012 01:55:15,31.05.2012 02:28:36,"33 mins, 21 secs",2001000
1-752294640,4,Variant 168,168,31.05.2012 03:38:56,12.06.2012 22:15:27,"12 days, 18 hours",1103791000
1-752294659,5,Variant 169,169,31.05.2012 03:45:49,15.06.2012 02:19:47,"14 days, 22 hours",1290838000
1-752294699,3,Variant 12,12,31.05.2012 03:54:30,04.06.2012 18:26:54,"4 days, 14 hours",397944000
1-752521529,1,Variant 2,2,31.05.2012 18:50:47,31.05.2012 18:50:47,0 millis,0
1-752541471,2,Variant 3,3,31.05.2012 21:03:18,05.06.2012 00:51:04,"4 days, 3 hours",359266000
1-752542242,1,Variant 2,2,31.05.2012 18:54:47,31.05.2012 18:54:47,0 millis,0
1-752580191,1,Variant 2,2,31.05.2012 20:06:38,31.05.2012 20:06:38,0 millis,0
1-752629415,2,Variant 20,20,31.05.2012 21:20:22,04.06.2012 06:01:15,"3 days, 8 hours",290453000
1-752643661,2,Variant 4,4,31.05.2012 21:29:15,01.06.2012 00:22:09,"2 hours, 52 mins",10374000
1-752702791,2,Variant 3,3,31.05.2012 23:34:19,31.05.2012 23:51:16,"16 mins, 57 secs",1017000
1-752799402,2,Variant 3,3,01.06.2012 02:40:05,01.06.2012 02:46:30,"6 mins, 25 secs",385000
1-752809009,1,Variant 2,2,01.06.2012 02:34:35,01.06.2012 02:34:35,0 millis,0
1-752828161,4,Variant 41,41,01.06.2012 02:08:17,12.06.2012 20:48:38,"11 days, 18 hours",1017621000
1-753034398,1,Variant 2,2,01.06.2012 16:48:05,01.06.2012 16:48:05,0 millis,0
1-753055854,5,Variant 26,26,01.06.2012 17:59:47,08.06.2012 20:29:39,"7 days, 2 hours",613792000
1-753118981,1,Variant 2,2,01.06.2012 18:57:22,01.06.2012 18:57:22,0 millis,0
1-753119403,1,Variant 2,2,01.06.2012 19:00:16,01.06.2012 19:00:16,0 millis,0
1-753140751,2,Variant 170,170,01.06.2012 19:52:54,01.06.2012 21:11:12,"1 hour, 18 mins",4698000
1-753170915,2,Variant 3,3,01.06.2012 19:48:05,01.06.2012 19:52:18,"4 mins, 13 secs",253000
1-753174310,2,Variant 3,3,01.06.2012 21:32:15,01.06.2012 21:38:03,"5 mins, 48 secs",348000
1-753202887,2,Variant 3,3,01.06.2012 23:36:07,02.06.2012 00:41:29,"1 hour, 5 mins",3922000
1-753238365,2,Variant 5,5,01.06.2012 23:32:42,01.06.2012 23:56:14,"23 mins, 32 secs",1412000
1-753244396,2,Variant 3,3,01.06.2012 22:39:59,01.06.2012 22:40:38,39 secs,39000
1-753244555,2,Variant 3,3,01.06.2012 22:44:41,01.06.2012 22:47:16,"2 mins, 35 secs",155000
1-753244649,2,Variant 3,3,01.06.2012 22:56:33,05.06.2012 00:36:57,"3 days, 1 hour",265224000
1-753245663,6,Variant 171,171,01.06.2012 22:34:16,13.06.2012 20:06:59,"11 days, 21 hours",1027963000
1-753287118,1,Variant 2,2,01.06.2012 22:56:50,01.06.2012 22:56:50,0 millis,0
1-753301833,3,Variant 12,12,02.06.2012 00:27:00,04.06.2012 18:27:25,"2 days, 18 hours",237625000
1-753362545,2,Variant 4,4,02.06.2012 01:43:38,08.06.2012 23:48:56,"6 days, 22 hours",597918000
1-753487360,7,Variant 172,172,02.06.2012 09:05:17,15.06.2012 17:57:23,"13 days, 8 hours",1155126000
1-753504966,11,Variant 173,173,02.06.2012 09:08:11,13.06.2012 22:34:31,"11 days, 13 hours",998780000
1-753569621,3,Variant 32,32,03.06.2012 11:06:31,11.06.2012 14:54:29,"8 days, 3 hours",704878000
1-753646102,1,Variant 2,2,04.06.2012 06:47:58,04.06.2012 06:47:58,0 millis,0
1-753713441,1,Variant 2,2,04.06.2012 17:19:20,04.06.2012 17:19:20,0 millis,0
1-753768558,1,Variant 2,2,04.06.2012 19:25:16,04.06.2012 19:25:16,0 millis,0
1-753815551,2,Variant 3,3,04.06.2012 19:28:12,04.06.2012 21:08:55,"1 hour, 40 mins",6043000
1-753815676,2,Variant 3,3,04.06.2012 19:35:58,04.06.2012 21:53:09,"2 hours, 17 mins",8231000
1-753878023,1,Variant 2,2,04.06.2012 20:14:07,04.06.2012 20:14:07,0 millis,0
1-753944613,2,Variant 3,3,04.06.2012 22:30:02,05.06.2012 00:35:57,"2 hours, 5 mins",7555000
1-754168350,5,Variant 174,174,05.06.2012 06:27:38,08.06.2012 05:17:30,"2 days, 22 hours",254992000
1-754350709,2,Variant 4,4,05.06.2012 18:42:00,05.06.2012 23:35:33,"4 hours, 53 mins",17613000
1-754450223,1,Variant 2,2,05.06.2012 18:52:23,05.06.2012 18:52:23,0 millis,0
1-754450603,1,Variant 2,2,05.06.2012 18:53:56,05.06.2012 18:53:56,0 millis,0
1-754526611,3,Variant 8,8,05.06.2012 20:55:32,06.06.2012 02:21:46,"5 hours, 26 mins",19574000
1-754539158,2,Variant 3,3,05.06.2012 21:19:36,05.06.2012 21:23:56,"4 mins, 20 secs",260000
1-754582299,2,Variant 3,3,05.06.2012 22:12:32,06.06.2012 00:57:00,"2 hours, 44 mins",9868000
1-754584941,3,Variant 17,17,05.06.2012 21:36:48,05.06.2012 21:58:00,"21 mins, 12 secs",1272000
1-754744405,1,Variant 2,2,06.06.2012 00:42:00,06.06.2012 00:42:00,0 millis,0
1-754949761,6,Variant 175,175,06.06.2012 15:34:19,13.06.2012 00:21:10,"6 days, 8 hours",550011000
1-755039071,1,Variant 2,2,06.06.2012 14:51:21,06.06.2012 14:51:21,0 millis,0
1-755123451,1,Variant 2,2,06.06.2012 21:48:04,06.06.2012 21:48:04,0 millis,0
1-755151337,2,Variant 4,4,06.06.2012 22:02:19,06.06.2012 22:22:35,"20 mins, 16 secs",1216000
1-755193882,2,Variant 3,3,07.06.2012 00:39:18,07.06.2012 00:39:50,32 secs,32000
1-755198841,1,Variant 2,2,07.06.2012 01:31:49,07.06.2012 01:31:49,0 millis,0
1-755218095,2,Variant 3,3,07.06.2012 00:59:53,14.06.2012 17:38:36,"7 days, 16 hours",664723000
1-755248531,1,Variant 2,2,07.06.2012 06:40:56,07.06.2012 06:40:56,0 millis,0
1-755443602,3,Variant 17,17,07.06.2012 18:48:12,07.06.2012 19:03:55,"15 mins, 43 secs",943000
1-755467807,3,Variant 8,8,07.06.2012 19:38:08,07.06.2012 19:42:35,"4 mins, 27 secs",267000
1-755478621,1,Variant 2,2,07.06.2012 19:23:55,07.06.2012 19:23:55,0 millis,0
1-755773369,1,Variant 2,2,08.06.2012 02:07:28,08.06.2012 02:07:28,0 millis,0
1-755797667,1,Variant 2,2,08.06.2012 04:39:13,08.06.2012 04:39:13,0 millis,0
1-755985697,2,Variant 3,3,08.06.2012 18:33:24,08.06.2012 18:38:37,"5 mins, 13 secs",313000
1-756110987,5,Variant 176,176,08.06.2012 20:06:15,08.06.2012 21:23:16,"1 hour, 17 mins",4621000
1-756111935,1,Variant 2,2,08.06.2012 20:06:09,08.06.2012 20:06:09,0 millis,0
1-756265856,2,Variant 3,3,09.06.2012 00:36:00,09.06.2012 00:45:37,"9 mins, 37 secs",577000
1-756296231,4,Variant 36,36,09.06.2012 00:38:24,11.06.2012 22:20:05,"2 days, 21 hours",250901000
1-756296861,1,Variant 2,2,09.06.2012 02:15:36,09.06.2012 02:15:36,0 millis,0
1-756300970,2,Variant 20,20,09.06.2012 00:39:57,12.06.2012 16:06:05,"3 days, 15 hours",314768000
1-756301789,3,Variant 177,177,09.06.2012 03:53:20,12.06.2012 16:05:11,"3 days, 12 hours",303111000
1-756484463,3,Variant 178,178,10.06.2012 12:58:06,10.06.2012 14:27:41,"1 hour, 29 mins",5375000
1-756603706,1,Variant 2,2,11.06.2012 18:00:31,11.06.2012 18:00:31,0 millis,0
1-756651699,4,Variant 179,179,11.06.2012 18:44:56,14.06.2012 18:04:22,"2 days, 23 hours",256766000
1-756712218,2,Variant 5,5,11.06.2012 18:43:55,11.06.2012 19:00:37,"16 mins, 42 secs",1002000
1-756787020,1,Variant 2,2,11.06.2012 22:17:17,11.06.2012 22:17:17,0 millis,0
1-756926423,2,Variant 4,4,11.06.2012 22:06:21,11.06.2012 22:06:29,8 secs,8000
1-756979533,1,Variant 11,11,12.06.2012 00:54:37,12.06.2012 00:54:37,0 millis,0
1-756998975,2,Variant 10,10,11.06.2012 22:57:27,11.06.2012 23:01:41,"4 mins, 14 secs",254000
1-757096237,4,Variant 28,28,12.06.2012 01:26:26,15.06.2012 00:43:04,"2 days, 23 hours",256598000
1-757113161,3,Variant 8,8,12.06.2012 01:04:18,12.06.2012 01:15:59,"11 mins, 41 secs",701000
1-757154661,4,Variant 180,180,12.06.2012 07:06:30,12.06.2012 20:51:38,"13 hours, 45 mins",49508000
1-757480343,3,Variant 52,52,12.06.2012 18:43:36,15.06.2012 01:18:38,"2 days, 6 hours",196502000
1-757480762,3,Variant 22,22,12.06.2012 19:34:53,14.06.2012 17:38:47,"1 day, 22 hours",165834000
1-757510345,1,Variant 7,7,12.06.2012 20:22:50,12.06.2012 20:22:50,0 millis,0
1-757533524,3,Variant 8,8,12.06.2012 19:57:31,12.06.2012 23:29:10,"3 hours, 31 mins",12699000
1-757564651,3,Variant 24,24,12.06.2012 20:19:13,14.06.2012 16:17:55,"1 day, 19 hours",158322000
1-757589842,1,Variant 2,2,12.06.2012 22:42:26,12.06.2012 22:42:26,0 millis,0
1-757615671,1,Variant 2,2,12.06.2012 22:04:59,12.06.2012 22:04:59,0 millis,0
1-757671208,4,Variant 181,181,12.06.2012 22:23:20,13.06.2012 20:05:17,"21 hours, 41 mins",78117000
1-757671923,2,Variant 5,5,12.06.2012 22:06:49,12.06.2012 22:08:37,"1 min, 48 secs",108000
1-757671975,2,Variant 5,5,12.06.2012 23:05:08,12.06.2012 23:06:16,"1 min, 8 secs",68000
1-757709801,1,Variant 11,11,13.06.2012 00:00:03,13.06.2012 00:00:03,0 millis,0
1-757715045,2,Variant 5,5,12.06.2012 23:09:48,12.06.2012 23:10:43,55 secs,55000
1-757715125,2,Variant 5,5,12.06.2012 23:12:56,12.06.2012 23:15:39,"2 mins, 43 secs",163000
1-757715285,2,Variant 5,5,12.06.2012 23:43:50,12.06.2012 23:45:09,"1 min, 19 secs",79000
1-757715705,2,Variant 5,5,12.06.2012 23:47:47,12.06.2012 23:50:01,"2 mins, 14 secs",134000
1-757779170,1,Variant 2,2,13.06.2012 00:02:20,13.06.2012 00:02:20,0 millis,0
1-757793972,1,Variant 2,2,13.06.2012 00:00:53,13.06.2012 00:00:53,0 millis,0
1-757827277,3,Variant 33,33,13.06.2012 01:05:11,13.06.2012 01:56:46,"51 mins, 35 secs",3095000
1-757936055,1,Variant 2,2,13.06.2012 07:09:10,13.06.2012 07:09:10,0 millis,0
1-758090698,1,Variant 2,2,13.06.2012 17:50:34,13.06.2012 17:50:34,0 millis,0
1-758109531,1,Variant 2,2,13.06.2012 18:06:25,13.06.2012 18:06:25,0 millis,0
1-758210759,1,Variant 2,2,13.06.2012 21:43:03,13.06.2012 21:43:03,0 millis,0
1-758231571,3,Variant 12,12,13.06.2012 21:24:30,14.06.2012 18:26:10,"21 hours, 1 min",75700000
1-758235785,1,Variant 2,2,14.06.2012 00:26:06,14.06.2012 00:26:06,0 millis,0
1-758257831,2,Variant 4,4,13.06.2012 21:51:57,13.06.2012 21:54:13,"2 mins, 16 secs",136000
1-758346501,2,Variant 10,10,13.06.2012 23:42:23,14.06.2012 00:18:13,"35 mins, 50 secs",2150000
1-758417452,2,Variant 4,4,14.06.2012 00:33:44,14.06.2012 00:43:37,"9 mins, 53 secs",593000
1-758488261,7,Variant 182,182,14.06.2012 02:33:11,14.06.2012 18:06:45,"15 hours, 33 mins",56014000
1-758494760,4,Variant 42,42,14.06.2012 04:26:46,14.06.2012 04:35:53,"9 mins, 7 secs",547000
1-758528371,1,Variant 7,7,14.06.2012 04:44:59,14.06.2012 04:44:59,0 millis,0
1-758672701,1,Variant 2,2,14.06.2012 18:41:28,14.06.2012 18:41:28,0 millis,0
1-758685504,2,Variant 4,4,14.06.2012 18:40:06,14.06.2012 21:02:17,"2 hours, 22 mins",8531000
1-758719001,2,Variant 4,4,14.06.2012 18:38:07,14.06.2012 22:04:54,"3 hours, 26 mins",12407000
1-758730027,2,Variant 4,4,14.06.2012 20:16:48,14.06.2012 21:08:25,"51 mins, 37 secs",3097000
1-758763414,2,Variant 4,4,14.06.2012 20:42:16,15.06.2012 15:00:00,"18 hours, 17 mins",65864000
1-758764831,1,Variant 2,2,14.06.2012 20:45:20,14.06.2012 20:45:20,0 millis,0
1-758781027,2,Variant 3,3,14.06.2012 21:43:56,14.06.2012 21:52:38,"8 mins, 42 secs",522000
1-758784721,2,Variant 3,3,14.06.2012 21:52:07,14.06.2012 21:53:26,"1 min, 19 secs",79000
1-758784862,2,Variant 4,4,14.06.2012 22:02:35,15.06.2012 15:16:11,"17 hours, 13 mins",62016000
1-758849852,1,Variant 2,2,14.06.2012 23:19:34,14.06.2012 23:19:34,0 millis,0
1-758914871,2,Variant 3,3,15.06.2012 00:39:26,15.06.2012 00:41:06,"1 min, 40 secs",100000
1-758976470,1,Variant 2,2,15.06.2012 02:03:24,15.06.2012 02:03:24,0 millis,0
1-758983319,1,Variant 2,2,15.06.2012 02:38:15,15.06.2012 02:38:15,0 millis,0
1-758989918,3,Variant 8,8,15.06.2012 01:29:30,15.06.2012 02:03:20,"33 mins, 50 secs",2030000
1-759020352,1,Variant 2,2,15.06.2012 04:26:45,15.06.2012 04:26:45,0 millis,0
1-759169644,1,Variant 2,2,15.06.2012 17:07:27,15.06.2012 17:07:27,0 millis,0
1-759255125,2,Variant 4,4,15.06.2012 19:20:18,15.06.2012 19:21:56,"1 min, 38 secs",98000
1-759255152,2,Variant 10,10,15.06.2012 19:36:37,15.06.2012 19:46:31,"9 mins, 54 secs",594000
1-759318221,2,Variant 3,3,15.06.2012 20:17:18,15.06.2012 20:19:56,"2 mins, 38 secs",158000
